chrom,start,end,track,signal
chr6,26019400,26019405,NPAT (U2OS),0.06114229932
chr6,26019405,26019410,NPAT (U2OS),0.06114229932
chr6,26019410,26019415,NPAT (U2OS),0.06114229932
chr6,26019415,26019420,NPAT (U2OS),0.06114229932
chr6,26019420,26019425,NPAT (U2OS),0.06114229932
chr6,26019425,26019430,NPAT (U2OS),0.06114229932
chr6,26019430,26019435,NPAT (U2OS),0.06114229932
chr6,26019435,26019440,NPAT (U2OS),0.06114229932
chr6,26019440,26019445,NPAT (U2OS),0.06114229932
chr6,26019445,26019450,NPAT (U2OS),0.06114229932
chr6,26019450,26019455,NPAT (U2OS),0.06114229932
chr6,26019455,26019460,NPAT (U2OS),0.06114229932
chr6,26019460,26019465,NPAT (U2OS),0.06114229932
chr6,26019465,26019470,NPAT (U2OS),0.06114229932
chr6,26019470,26019475,NPAT (U2OS),0.06114229932
chr6,26019475,26019480,NPAT (U2OS),0.06114229932
chr6,26019480,26019485,NPAT (U2OS),0.06114229932
chr6,26019485,26019490,NPAT (U2OS),0.06114229932
chr6,26019490,26019495,NPAT (U2OS),0.06114229932
chr6,26019495,26019500,NPAT (U2OS),0.06114229932
chr6,26019500,26019505,NPAT (U2OS),0.06114229932
chr6,26019505,26019510,NPAT (U2OS),0
chr6,26019510,26019515,NPAT (U2OS),0.06114229932
chr6,26019515,26019520,NPAT (U2OS),0.06114229932
chr6,26019520,26019525,NPAT (U2OS),0.122285001
chr6,26019525,26019530,NPAT (U2OS),0.122285001
chr6,26019530,26019535,NPAT (U2OS),0.122285001
chr6,26019535,26019540,NPAT (U2OS),0.122285001
chr6,26019540,26019545,NPAT (U2OS),0.122285001
chr6,26019545,26019550,NPAT (U2OS),0.122285001
chr6,26019550,26019555,NPAT (U2OS),0.122285001
chr6,26019555,26019560,NPAT (U2OS),0.122285001
chr6,26019560,26019565,NPAT (U2OS),0.122285001
chr6,26019565,26019570,NPAT (U2OS),0.122285001
chr6,26019570,26019575,NPAT (U2OS),0.134513402
chr6,26019575,26019580,NPAT (U2OS),0.183427006
chr6,26019580,26019585,NPAT (U2OS),0.183427006
chr6,26019585,26019590,NPAT (U2OS),0.183427006
chr6,26019590,26019595,NPAT (U2OS),0.183427006
chr6,26019595,26019600,NPAT (U2OS),0.183427006
chr6,26019600,26019605,NPAT (U2OS),0.183427006
chr6,26019605,26019610,NPAT (U2OS),0.183427006
chr6,26019610,26019615,NPAT (U2OS),0.183427006
chr6,26019615,26019620,NPAT (U2OS),0.183427006
chr6,26019620,26019625,NPAT (U2OS),0.183427006
chr6,26019625,26019630,NPAT (U2OS),0.2201122046
chr6,26019630,26019635,NPAT (U2OS),0.2690262079
chr6,26019635,26019640,NPAT (U2OS),0.3057120144
chr6,26019640,26019645,NPAT (U2OS),0.3057120144
chr6,26019645,26019650,NPAT (U2OS),0.3057120144
chr6,26019650,26019655,NPAT (U2OS),0.3057120144
chr6,26019655,26019660,NPAT (U2OS),0.3057120144
chr6,26019660,26019665,NPAT (U2OS),0.3057120144
chr6,26019665,26019670,NPAT (U2OS),0.3057120144
chr6,26019670,26019675,NPAT (U2OS),0.3057120144
chr6,26019675,26019680,NPAT (U2OS),0.3057120144
chr6,26019680,26019685,NPAT (U2OS),0.3057120144
chr6,26019685,26019690,NPAT (U2OS),0.3057120144
chr6,26019690,26019695,NPAT (U2OS),0.3057120144
chr6,26019695,26019700,NPAT (U2OS),0.3057120144
chr6,26019700,26019705,NPAT (U2OS),0.3057120144
chr6,26019705,26019710,NPAT (U2OS),0.3057120144
chr6,26019710,26019715,NPAT (U2OS),0.2567976058
chr6,26019715,26019720,NPAT (U2OS),0.2445690036
chr6,26019720,26019725,NPAT (U2OS),0.183427006
chr6,26019725,26019730,NPAT (U2OS),0.183427006
chr6,26019730,26019735,NPAT (U2OS),0.183427006
chr6,26019735,26019740,NPAT (U2OS),0.183427006
chr6,26019740,26019745,NPAT (U2OS),0.2323406041
chr6,26019745,26019750,NPAT (U2OS),0.2445690036
chr6,26019750,26019755,NPAT (U2OS),0.2445690036
chr6,26019755,26019760,NPAT (U2OS),0.2445690036
chr6,26019760,26019765,NPAT (U2OS),0.2445690036
chr6,26019765,26019770,NPAT (U2OS),0.2445690036
chr6,26019770,26019775,NPAT (U2OS),0.2323406041
chr6,26019775,26019780,NPAT (U2OS),0.183427006
chr6,26019780,26019785,NPAT (U2OS),0.183427006
chr6,26019785,26019790,NPAT (U2OS),0.183427006
chr6,26019790,26019795,NPAT (U2OS),0.183427006
chr6,26019795,26019800,NPAT (U2OS),0.183427006
chr6,26019800,26019805,NPAT (U2OS),0.183427006
chr6,26019805,26019810,NPAT (U2OS),0.183427006
chr6,26019810,26019815,NPAT (U2OS),0.183427006
chr6,26019815,26019820,NPAT (U2OS),0.183427006
chr6,26019820,26019825,NPAT (U2OS),0.183427006
chr6,26019825,26019830,NPAT (U2OS),0.146741803
chr6,26019830,26019835,NPAT (U2OS),0.09782792032
chr6,26019835,26019840,NPAT (U2OS),0.06114229932
chr6,26019840,26019845,NPAT (U2OS),0.08559937999
chr6,26019845,26019850,NPAT (U2OS),0.122285001
chr6,26019850,26019855,NPAT (U2OS),0.122285001
chr6,26019855,26019860,NPAT (U2OS),0.122285001
chr6,26019860,26019865,NPAT (U2OS),0.122285001
chr6,26019865,26019870,NPAT (U2OS),0.122285001
chr6,26019870,26019875,NPAT (U2OS),0.122285001
chr6,26019875,26019880,NPAT (U2OS),0.122285001
chr6,26019880,26019885,NPAT (U2OS),0.122285001
chr6,26019885,26019890,NPAT (U2OS),0.122285001
chr6,26019890,26019895,NPAT (U2OS),0.122285001
chr6,26019895,26019900,NPAT (U2OS),0.122285001
chr6,26019900,26019905,NPAT (U2OS),0.122285001
chr6,26019905,26019910,NPAT (U2OS),0.122285001
chr6,26019910,26019915,NPAT (U2OS),0.122285001
chr6,26019915,26019920,NPAT (U2OS),0.122285001
chr6,26019920,26019925,NPAT (U2OS),0.122285001
chr6,26019925,26019930,NPAT (U2OS),0.122285001
chr6,26019930,26019935,NPAT (U2OS),0.122285001
chr6,26019935,26019940,NPAT (U2OS),0.122285001
chr6,26019940,26019945,NPAT (U2OS),0.07337083966
chr6,26019945,26019950,NPAT (U2OS),0.06114229932
chr6,26019950,26019955,NPAT (U2OS),0.06114229932
chr6,26019955,26019960,NPAT (U2OS),0.06114229932
chr6,26019960,26019965,NPAT (U2OS),0.122285001
chr6,26019965,26019970,NPAT (U2OS),0.122285001
chr6,26019970,26019975,NPAT (U2OS),0.122285001
chr6,26019975,26019980,NPAT (U2OS),0.122285001
chr6,26019980,26019985,NPAT (U2OS),0.122285001
chr6,26019985,26019990,NPAT (U2OS),0.122285001
chr6,26019990,26019995,NPAT (U2OS),0.122285001
chr6,26019995,26020000,NPAT (U2OS),0.122285001
chr6,26020000,26020005,NPAT (U2OS),0.122285001
chr6,26020005,26020010,NPAT (U2OS),0.122285001
chr6,26020010,26020015,NPAT (U2OS),0.122285001
chr6,26020015,26020020,NPAT (U2OS),0.122285001
chr6,26020020,26020025,NPAT (U2OS),0.122285001
chr6,26020025,26020030,NPAT (U2OS),0.122285001
chr6,26020030,26020035,NPAT (U2OS),0.122285001
chr6,26020035,26020040,NPAT (U2OS),0.122285001
chr6,26020040,26020045,NPAT (U2OS),0.09782792032
chr6,26020045,26020050,NPAT (U2OS),0.06114229932
chr6,26020050,26020055,NPAT (U2OS),0.06114229932
chr6,26020055,26020060,NPAT (U2OS),0.06114229932
chr6,26020060,26020065,NPAT (U2OS),0.06114229932
chr6,26020065,26020070,NPAT (U2OS),0.09782792032
chr6,26020070,26020075,NPAT (U2OS),0.122285001
chr6,26020075,26020080,NPAT (U2OS),0.122285001
chr6,26020080,26020085,NPAT (U2OS),0.122285001
chr6,26020085,26020090,NPAT (U2OS),0.122285001
chr6,26020090,26020095,NPAT (U2OS),0.122285001
chr6,26020095,26020100,NPAT (U2OS),0.122285001
chr6,26020100,26020105,NPAT (U2OS),0.122285001
chr6,26020105,26020110,NPAT (U2OS),0.122285001
chr6,26020110,26020115,NPAT (U2OS),0.122285001
chr6,26020115,26020120,NPAT (U2OS),0.122285001
chr6,26020120,26020125,NPAT (U2OS),0.122285001
chr6,26020125,26020130,NPAT (U2OS),0.122285001
chr6,26020130,26020135,NPAT (U2OS),0.122285001
chr6,26020135,26020140,NPAT (U2OS),0.122285001
chr6,26020140,26020145,NPAT (U2OS),0.122285001
chr6,26020145,26020150,NPAT (U2OS),0.122285001
chr6,26020150,26020155,NPAT (U2OS),0.122285001
chr6,26020155,26020160,NPAT (U2OS),0.122285001
chr6,26020160,26020165,NPAT (U2OS),0.06114229932
chr6,26020165,26020170,NPAT (U2OS),0.06114229932
chr6,26020170,26020175,NPAT (U2OS),0.06114229932
chr6,26020175,26020180,NPAT (U2OS),0.06114229932
chr6,26020180,26020185,NPAT (U2OS),0.06114229932
chr6,26020185,26020190,NPAT (U2OS),0.06114229932
chr6,26020190,26020195,NPAT (U2OS),0.06114229932
chr6,26020195,26020200,NPAT (U2OS),0.06114229932
chr6,26020200,26020205,NPAT (U2OS),0.06114229932
chr6,26020205,26020210,NPAT (U2OS),0.07337083966
chr6,26020210,26020215,NPAT (U2OS),0.122285001
chr6,26020215,26020220,NPAT (U2OS),0.122285001
chr6,26020220,26020225,NPAT (U2OS),0.122285001
chr6,26020225,26020230,NPAT (U2OS),0.122285001
chr6,26020230,26020235,NPAT (U2OS),0.122285001
chr6,26020235,26020240,NPAT (U2OS),0.122285001
chr6,26020240,26020245,NPAT (U2OS),0.122285001
chr6,26020245,26020250,NPAT (U2OS),0.2323406041
chr6,26020250,26020255,NPAT (U2OS),0.2445690036
chr6,26020255,26020260,NPAT (U2OS),0.2567976058
chr6,26020260,26020265,NPAT (U2OS),0.4279960096
chr6,26020265,26020270,NPAT (U2OS),0.391310811
chr6,26020270,26020275,NPAT (U2OS),0.3790824115
chr6,26020275,26020280,NPAT (U2OS),0.4279960096
chr6,26020280,26020285,NPAT (U2OS),0.4279960096
chr6,26020285,26020290,NPAT (U2OS),0.4524528086
chr6,26020290,26020295,NPAT (U2OS),0.4891380072
chr6,26020295,26020300,NPAT (U2OS),0.4891380072
chr6,26020300,26020305,NPAT (U2OS),0.5869662046
chr6,26020305,26020310,NPAT (U2OS),0.6725649834
chr6,26020310,26020315,NPAT (U2OS),0.6725649834
chr6,26020315,26020320,NPAT (U2OS),0.7459362149
chr6,26020320,26020325,NPAT (U2OS),0.8559920192
chr6,26020325,26020330,NPAT (U2OS),0.9049055934
chr6,26020330,26020335,NPAT (U2OS),0.9171339869
chr6,26020335,26020340,NPAT (U2OS),0.9171339869
chr6,26020340,26020345,NPAT (U2OS),1.051646781
chr6,26020345,26020350,NPAT (U2OS),1.173930001
chr6,26020350,26020355,NPAT (U2OS),1.222849965
chr6,26020355,26020360,NPAT (U2OS),1.332901978
chr6,26020360,26020365,NPAT (U2OS),1.369585991
chr6,26020365,26020370,NPAT (U2OS),1.467419982
chr6,26020370,26020375,NPAT (U2OS),1.589700007
chr6,26020375,26020380,NPAT (U2OS),1.699754024
chr6,26020380,26020385,NPAT (U2OS),1.785358047
chr6,26020385,26020390,NPAT (U2OS),1.858725977
chr6,26020390,26020395,NPAT (U2OS),2.005469966
chr6,26020395,26020400,NPAT (U2OS),2.017699957
chr6,26020400,26020405,NPAT (U2OS),2.017699957
chr6,26020405,26020410,NPAT (U2OS),2.066612005
chr6,26020410,26020415,NPAT (U2OS),2.029927969
chr6,26020415,26020420,NPAT (U2OS),2.188891935
chr6,26020420,26020425,NPAT (U2OS),2.311178017
chr6,26020425,26020430,NPAT (U2OS),2.384550095
chr6,26020430,26020435,NPAT (U2OS),2.494606018
chr6,26020435,26020440,NPAT (U2OS),2.567980051
chr6,26020440,26020445,NPAT (U2OS),2.592436075
chr6,26020445,26020450,NPAT (U2OS),2.616892099
chr6,26020450,26020455,NPAT (U2OS),2.629120111
chr6,26020455,26020460,NPAT (U2OS),2.751401997
chr6,26020460,26020465,NPAT (U2OS),2.751404047
chr6,26020465,26020470,NPAT (U2OS),3.032662058
chr6,26020470,26020475,NPAT (U2OS),3.154943991
chr6,26020475,26020480,NPAT (U2OS),3.216084003
chr6,26020480,26020485,NPAT (U2OS),3.350599957
chr6,26020485,26020490,NPAT (U2OS),3.485110044
chr6,26020490,26020495,NPAT (U2OS),3.582940006
chr6,26020495,26020500,NPAT (U2OS),3.729679966
chr6,26020500,26020505,NPAT (U2OS),3.692996025
chr6,26020505,26020510,NPAT (U2OS),3.60739994
chr6,26020510,26020515,NPAT (U2OS),3.60739994
chr6,26020515,26020520,NPAT (U2OS),3.534024048
chr6,26020520,26020525,NPAT (U2OS),3.534026003
chr6,26020525,26020530,NPAT (U2OS),3.656311989
chr6,26020530,26020535,NPAT (U2OS),3.729680014
chr6,26020535,26020540,NPAT (U2OS),3.82750392
chr6,26020540,26020545,NPAT (U2OS),3.717451954
chr6,26020545,26020550,NPAT (U2OS),3.595169973
chr6,26020550,26020555,NPAT (U2OS),3.546250105
chr6,26020555,26020560,NPAT (U2OS),3.436197996
chr6,26020560,26020565,NPAT (U2OS),3.46065402
chr6,26020565,26020570,NPAT (U2OS),3.534022093
chr6,26020570,26020575,NPAT (U2OS),3.46065402
chr6,26020575,26020580,NPAT (U2OS),3.39951396
chr6,26020580,26020585,NPAT (U2OS),3.411741972
chr6,26020585,26020590,NPAT (U2OS),3.39951396
chr6,26020590,26020595,NPAT (U2OS),3.25276804
chr6,26020595,26020600,NPAT (U2OS),3.301680088
chr6,26020600,26020605,NPAT (U2OS),3.350596046
chr6,26020605,26020610,NPAT (U2OS),3.448426008
chr6,26020610,26020615,NPAT (U2OS),3.497338057
chr6,26020615,26020620,NPAT (U2OS),3.375057936
chr6,26020620,26020625,NPAT (U2OS),3.301680088
chr6,26020625,26020630,NPAT (U2OS),3.301680088
chr6,26020630,26020635,NPAT (U2OS),3.191627979
chr6,26020635,26020640,NPAT (U2OS),3.130487919
chr6,26020640,26020645,NPAT (U2OS),3.154943943
chr6,26020645,26020650,NPAT (U2OS),3.02043004
chr6,26020650,26020655,NPAT (U2OS),3.02043004
chr6,26020655,26020660,NPAT (U2OS),3.02043004
chr6,26020660,26020665,NPAT (U2OS),2.873689985
chr6,26020665,26020670,NPAT (U2OS),2.592436028
chr6,26020670,26020675,NPAT (U2OS),2.494603968
chr6,26020675,26020680,NPAT (U2OS),2.409005976
chr6,26020680,26020685,NPAT (U2OS),2.347866058
chr6,26020685,26020690,NPAT (U2OS),2.237807989
chr6,26020690,26020695,NPAT (U2OS),2.115524054
chr6,26020695,26020700,NPAT (U2OS),2.017695999
chr6,26020700,26020705,NPAT (U2OS),1.956550002
chr6,26020705,26020710,NPAT (U2OS),1.981009984
chr6,26020710,26020715,NPAT (U2OS),2.042155981
chr6,26020715,26020720,NPAT (U2OS),2.078840017
chr6,26020720,26020725,NPAT (U2OS),2.078840017
chr6,26020725,26020730,NPAT (U2OS),2.066612005
chr6,26020730,26020735,NPAT (U2OS),2.017697978
chr6,26020735,26020740,NPAT (U2OS),1.956550002
chr6,26020740,26020745,NPAT (U2OS),2.12775197
chr6,26020745,26020750,NPAT (U2OS),2.2011199
chr6,26020750,26020755,NPAT (U2OS),2.2011199
chr6,26020755,26020760,NPAT (U2OS),2.2011199
chr6,26020760,26020765,NPAT (U2OS),2.164436007
chr6,26020765,26020770,NPAT (U2OS),2.029927969
chr6,26020770,26020775,NPAT (U2OS),1.981009984
chr6,26020775,26020780,NPAT (U2OS),2.029927969
chr6,26020780,26020785,NPAT (U2OS),2.017697978
chr6,26020785,26020790,NPAT (U2OS),1.956550002
chr6,26020790,26020795,NPAT (U2OS),1.956550002
chr6,26020795,26020800,NPAT (U2OS),1.968781972
chr6,26020800,26020805,NPAT (U2OS),1.968783975
chr6,26020805,26020810,NPAT (U2OS),1.822042012
chr6,26020810,26020815,NPAT (U2OS),1.809814024
chr6,26020815,26020820,NPAT (U2OS),1.870953989
chr6,26020820,26020825,NPAT (U2OS),1.907637978
chr6,26020825,26020830,NPAT (U2OS),1.83427
chr6,26020830,26020835,NPAT (U2OS),1.83427
chr6,26020835,26020840,NPAT (U2OS),1.883181953
chr6,26020840,26020845,NPAT (U2OS),1.907637954
chr6,26020845,26020850,NPAT (U2OS),1.956550002
chr6,26020850,26020855,NPAT (U2OS),1.956550002
chr6,26020855,26020860,NPAT (U2OS),1.858725977
chr6,26020860,26020865,NPAT (U2OS),1.83427
chr6,26020865,26020870,NPAT (U2OS),1.83427
chr6,26020870,26020875,NPAT (U2OS),1.797586036
chr6,26020875,26020880,NPAT (U2OS),1.785358047
chr6,26020880,26020885,NPAT (U2OS),1.760898018
chr6,26020885,26020890,NPAT (U2OS),1.711979985
chr6,26020890,26020895,NPAT (U2OS),1.699751997
chr6,26020895,26020900,NPAT (U2OS),1.650840044
chr6,26020900,26020905,NPAT (U2OS),1.699751997
chr6,26020905,26020910,NPAT (U2OS),1.687524009
chr6,26020910,26020915,NPAT (U2OS),1.638612032
chr6,26020915,26020920,NPAT (U2OS),1.650840044
chr6,26020920,26020925,NPAT (U2OS),1.565244007
chr6,26020925,26020930,NPAT (U2OS),1.467419982
chr6,26020930,26020935,NPAT (U2OS),1.51633203
chr6,26020935,26020940,NPAT (U2OS),1.491876006
chr6,26020940,26020945,NPAT (U2OS),1.296217966
chr6,26020945,26020950,NPAT (U2OS),1.235077977
chr6,26020950,26020955,NPAT (U2OS),1.283990026
chr6,26020955,26020960,NPAT (U2OS),1.283990026
chr6,26020960,26020965,NPAT (U2OS),1.271762013
chr6,26020965,26020970,NPAT (U2OS),1.283990026
chr6,26020970,26020975,NPAT (U2OS),1.308446002
chr6,26020975,26020980,NPAT (U2OS),1.308445978
chr6,26020980,26020985,NPAT (U2OS),1.296218014
chr6,26020985,26020990,NPAT (U2OS),1.345129967
chr6,26020990,26020995,NPAT (U2OS),1.381814003
chr6,26020995,26021000,NPAT (U2OS),1.406272006
chr6,26021000,26021005,NPAT (U2OS),1.455188012
chr6,26021005,26021010,NPAT (U2OS),1.51633203
chr6,26021010,26021015,NPAT (U2OS),1.504104018
chr6,26021015,26021020,NPAT (U2OS),1.430730009
chr6,26021020,26021025,NPAT (U2OS),1.345129967
chr6,26021025,26021030,NPAT (U2OS),1.345129967
chr6,26021030,26021035,NPAT (U2OS),1.345129967
chr6,26021035,26021040,NPAT (U2OS),1.345129991
chr6,26021040,26021045,NPAT (U2OS),1.296218014
chr6,26021045,26021050,NPAT (U2OS),1.283990026
chr6,26021050,26021055,NPAT (U2OS),1.259534001
chr6,26021055,26021060,NPAT (U2OS),1.222849965
chr6,26021060,26021065,NPAT (U2OS),1.222849965
chr6,26021065,26021070,NPAT (U2OS),1.235077977
chr6,26021070,26021075,NPAT (U2OS),1.283990026
chr6,26021075,26021080,NPAT (U2OS),1.271762013
chr6,26021080,26021085,NPAT (U2OS),1.222849965
chr6,26021085,26021090,NPAT (U2OS),1.259534001
chr6,26021090,26021095,NPAT (U2OS),1.296218014
chr6,26021095,26021100,NPAT (U2OS),1.345129967
chr6,26021100,26021105,NPAT (U2OS),1.296218014
chr6,26021105,26021110,NPAT (U2OS),1.283990026
chr6,26021110,26021115,NPAT (U2OS),1.271762013
chr6,26021115,26021120,NPAT (U2OS),1.222849965
chr6,26021120,26021125,NPAT (U2OS),1.32067399
chr6,26021125,26021130,NPAT (U2OS),1.259534001
chr6,26021130,26021135,NPAT (U2OS),1.173930001
chr6,26021135,26021140,NPAT (U2OS),1.16170001
chr6,26021140,26021145,NPAT (U2OS),1.16170001
chr6,26021145,26021150,NPAT (U2OS),1.149471998
chr6,26021150,26021155,NPAT (U2OS),1.125015974
chr6,26021155,26021160,NPAT (U2OS),1.186159992
chr6,26021160,26021165,NPAT (U2OS),1.210619974
chr6,26021165,26021170,NPAT (U2OS),1.24730401
chr6,26021170,26021175,NPAT (U2OS),1.259534001
chr6,26021175,26021180,NPAT (U2OS),1.222847986
chr6,26021180,26021185,NPAT (U2OS),1.210619974
chr6,26021185,26021190,NPAT (U2OS),1.16170001
chr6,26021190,26021195,NPAT (U2OS),1.125015974
chr6,26021195,26021200,NPAT (U2OS),1.027191412
chr6,26021200,26021205,NPAT (U2OS),0.9293628097
chr6,26021205,26021210,NPAT (U2OS),0.8559920192
chr6,26021210,26021215,NPAT (U2OS),0.8193068027
chr6,26021215,26021220,NPAT (U2OS),0.7948499918
chr6,26021220,26021225,NPAT (U2OS),0.7948499918
chr6,26021225,26021230,NPAT (U2OS),0.7948499918
chr6,26021230,26021235,NPAT (U2OS),0.7948499918
chr6,26021235,26021240,NPAT (U2OS),0.733708024
chr6,26021240,26021245,NPAT (U2OS),0.7092508078
chr6,26021245,26021250,NPAT (U2OS),0.7092505932
chr6,26021250,26021255,NPAT (U2OS),0.7948499918
chr6,26021255,26021260,NPAT (U2OS),0.7948499918
chr6,26021260,26021265,NPAT (U2OS),0.7948499918
chr6,26021265,26021270,NPAT (U2OS),0.7826215982
chr6,26021270,26021275,NPAT (U2OS),0.733708024
chr6,26021275,26021280,NPAT (U2OS),0.733708024
chr6,26021280,26021285,NPAT (U2OS),0.7703932047
chr6,26021285,26021290,NPAT (U2OS),0.7581648111
chr6,26021290,26021295,NPAT (U2OS),0.7214794159
chr6,26021295,26021300,NPAT (U2OS),0.6725649834
chr6,26021300,26021305,NPAT (U2OS),0.7092508078
chr6,26021305,26021310,NPAT (U2OS),0.733708024
chr6,26021310,26021315,NPAT (U2OS),0.733708024
chr6,26021315,26021320,NPAT (U2OS),0.733708024
chr6,26021320,26021325,NPAT (U2OS),0.6114230156
chr6,26021325,26021330,NPAT (U2OS),0.6114230156
chr6,26021330,26021335,NPAT (U2OS),0.6114230156
chr6,26021335,26021340,NPAT (U2OS),0.6114230156
chr6,26021340,26021345,NPAT (U2OS),0.6114230156
chr6,26021345,26021350,NPAT (U2OS),0.6114230156
chr6,26021350,26021355,NPAT (U2OS),0.5869662046
chr6,26021355,26021360,NPAT (U2OS),0.538052392
chr6,26021360,26021365,NPAT (U2OS),0.5502809882
chr6,26021365,26021370,NPAT (U2OS),0.5258236051
chr6,26021370,26021375,NPAT (U2OS),0.4891380072
chr6,26021375,26021380,NPAT (U2OS),0.4279960096
chr6,26021380,26021385,NPAT (U2OS),0.391310811
chr6,26021385,26021390,NPAT (U2OS),0.4279960096
chr6,26021390,26021395,NPAT (U2OS),0.4891380072
chr6,26021395,26021400,NPAT (U2OS),0.5258237958
chr6,26021400,26021405,NPAT (U2OS),0.660337007
chr6,26021405,26021410,NPAT (U2OS),0.733708024
chr6,26021410,26021415,NPAT (U2OS),0.7703932166
chr6,26021415,26021420,NPAT (U2OS),0.9049055934
chr6,26021420,26021425,NPAT (U2OS),0.9171339869
chr6,26021425,26021430,NPAT (U2OS),0.9171339869
chr6,26021430,26021435,NPAT (U2OS),0.9171339869
chr6,26021435,26021440,NPAT (U2OS),0.9171339869
chr6,26021440,26021445,NPAT (U2OS),0.9171339869
chr6,26021445,26021450,NPAT (U2OS),0.9171342015
chr6,26021450,26021455,NPAT (U2OS),0.8559920192
chr6,26021455,26021460,NPAT (U2OS),0.8926771998
chr6,26021460,26021465,NPAT (U2OS),0.9171339869
chr6,26021465,26021470,NPAT (U2OS),0.9905056238
chr6,26021470,26021475,NPAT (U2OS),1.039420009
chr6,26021475,26021480,NPAT (U2OS),1.039420009
chr6,26021480,26021485,NPAT (U2OS),1.014962816
chr6,26021485,26021490,NPAT (U2OS),1.149471998
chr6,26021490,26021495,NPAT (U2OS),1.210617995
chr6,26021495,26021500,NPAT (U2OS),1.406274009
chr6,26021500,26021505,NPAT (U2OS),1.540788031
chr6,26021505,26021510,NPAT (U2OS),1.62638402
chr6,26021510,26021515,NPAT (U2OS),1.650840044
chr6,26021515,26021520,NPAT (U2OS),1.687524009
chr6,26021520,26021525,NPAT (U2OS),1.846497989
chr6,26021525,26021530,NPAT (U2OS),1.895409942
chr6,26021530,26021535,NPAT (U2OS),1.895409942
chr6,26021535,26021540,NPAT (U2OS),1.895409942
chr6,26021540,26021545,NPAT (U2OS),1.895409942
chr6,26021545,26021550,NPAT (U2OS),1.907637954
chr6,26021550,26021555,NPAT (U2OS),1.956550002
chr6,26021555,26021560,NPAT (U2OS),1.993239975
chr6,26021560,26021565,NPAT (U2OS),1.968779993
chr6,26021565,26021570,NPAT (U2OS),1.956550002
chr6,26021570,26021575,NPAT (U2OS),1.981008005
chr6,26021575,26021580,NPAT (U2OS),2.078840017
chr6,26021580,26021585,NPAT (U2OS),2.054383993
chr6,26021585,26021590,NPAT (U2OS),2.017699957
chr6,26021590,26021595,NPAT (U2OS),2.005469966
chr6,26021595,26021600,NPAT (U2OS),1.981009984
chr6,26021600,26021605,NPAT (U2OS),1.895409989
chr6,26021605,26021610,NPAT (U2OS),1.870953965
chr6,26021610,26021615,NPAT (U2OS),1.870953965
chr6,26021615,26021620,NPAT (U2OS),1.870953965
chr6,26021620,26021625,NPAT (U2OS),1.919865966
chr6,26021625,26021630,NPAT (U2OS),1.993237996
chr6,26021630,26021635,NPAT (U2OS),2.139980078
chr6,26021635,26021640,NPAT (U2OS),2.176664019
chr6,26021640,26021645,NPAT (U2OS),2.28671999
chr6,26021645,26021650,NPAT (U2OS),2.28671999
chr6,26021650,26021655,NPAT (U2OS),2.26225996
chr6,26021655,26021660,NPAT (U2OS),2.274489975
chr6,26021660,26021665,NPAT (U2OS),2.323410034
chr6,26021665,26021670,NPAT (U2OS),2.250031948
chr6,26021670,26021675,NPAT (U2OS),2.237803936
chr6,26021675,26021680,NPAT (U2OS),2.26225996
chr6,26021680,26021685,NPAT (U2OS),2.250031948
chr6,26021685,26021690,NPAT (U2OS),2.139980078
chr6,26021690,26021695,NPAT (U2OS),2.115524054
chr6,26021695,26021700,NPAT (U2OS),2.005467987
chr6,26021700,26021705,NPAT (U2OS),1.932093978
chr6,26021705,26021710,NPAT (U2OS),1.858725977
chr6,26021710,26021715,NPAT (U2OS),1.895409966
chr6,26021715,26021720,NPAT (U2OS),1.94432199
chr6,26021720,26021725,NPAT (U2OS),1.822042012
chr6,26021725,26021730,NPAT (U2OS),1.809814024
chr6,26021730,26021735,NPAT (U2OS),1.83427
chr6,26021735,26021740,NPAT (U2OS),1.83427
chr6,26021740,26021745,NPAT (U2OS),1.858725977
chr6,26021745,26021750,NPAT (U2OS),1.883181953
chr6,26021750,26021755,NPAT (U2OS),1.83427
chr6,26021755,26021760,NPAT (U2OS),1.785358047
chr6,26021760,26021765,NPAT (U2OS),1.760900044
chr6,26021765,26021770,NPAT (U2OS),1.711979985
chr6,26021770,26021775,NPAT (U2OS),1.687523985
chr6,26021775,26021780,NPAT (U2OS),1.687524009
chr6,26021780,26021785,NPAT (U2OS),1.74867003
chr6,26021785,26021790,NPAT (U2OS),1.773130059
chr6,26021790,26021795,NPAT (U2OS),1.72421
chr6,26021795,26021800,NPAT (U2OS),1.711979985
chr6,26021800,26021805,NPAT (U2OS),1.663068032
chr6,26021805,26021810,NPAT (U2OS),1.614156008
chr6,26021810,26021815,NPAT (U2OS),1.577471995
chr6,26021815,26021820,NPAT (U2OS),1.44296
chr6,26021820,26021825,NPAT (U2OS),1.394042015
chr6,26021825,26021830,NPAT (U2OS),1.418501997
chr6,26021830,26021835,NPAT (U2OS),1.283990026
chr6,26021835,26021840,NPAT (U2OS),1.24730401
chr6,26021840,26021845,NPAT (U2OS),1.137243986
chr6,26021845,26021850,NPAT (U2OS),1.16170001
chr6,26021850,26021855,NPAT (U2OS),1.16170001
chr6,26021855,26021860,NPAT (U2OS),1.17393198
chr6,26021860,26021865,NPAT (U2OS),1.10055995
chr6,26021865,26021870,NPAT (U2OS),1.112787962
chr6,26021870,26021875,NPAT (U2OS),1.125015974
chr6,26021875,26021880,NPAT (U2OS),1.10055995
chr6,26021880,26021885,NPAT (U2OS),1.10055995
chr6,26021885,26021890,NPAT (U2OS),1.051647997
chr6,26021890,26021895,NPAT (U2OS),1.014962816
chr6,26021895,26021900,NPAT (U2OS),0.9660484195
chr6,26021900,26021905,NPAT (U2OS),0.8926774144
chr6,26021905,26021910,NPAT (U2OS),0.8559920192
chr6,26021910,26021915,NPAT (U2OS),0.7948500037
chr6,26021915,26021920,NPAT (U2OS),0.7092508078
chr6,26021920,26021925,NPAT (U2OS),0.6725649834
chr6,26021925,26021930,NPAT (U2OS),0.6358798027
chr6,26021930,26021935,NPAT (U2OS),0.6114230156
chr6,26021935,26021940,NPAT (U2OS),0.6114230156
chr6,26021940,26021945,NPAT (U2OS),0.5869662046
chr6,26021945,26021950,NPAT (U2OS),0.5502809882
chr6,26021950,26021955,NPAT (U2OS),0.5869662046
chr6,26021955,26021960,NPAT (U2OS),0.6114230156
chr6,26021960,26021965,NPAT (U2OS),0.6114230156
chr6,26021965,26021970,NPAT (U2OS),0.6114230156
chr6,26021970,26021975,NPAT (U2OS),0.6114230156
chr6,26021975,26021980,NPAT (U2OS),0.5747377992
chr6,26021980,26021985,NPAT (U2OS),0.5135951996
chr6,26021985,26021990,NPAT (U2OS),0.5502809882
chr6,26021990,26021995,NPAT (U2OS),0.5502809882
chr6,26021995,26022000,NPAT (U2OS),0.5502809882
chr6,26022000,26022005,NPAT (U2OS),0.5502809882
chr6,26022005,26022010,NPAT (U2OS),0.5502809882
chr6,26022010,26022015,NPAT (U2OS),0.6114230156
chr6,26022015,26022020,NPAT (U2OS),0.6114230156
chr6,26022020,26022025,NPAT (U2OS),0.5991946101
chr6,26022025,26022030,NPAT (U2OS),0.5013666034
chr6,26022030,26022035,NPAT (U2OS),0.4891380072
chr6,26022035,26022040,NPAT (U2OS),0.4891380072
chr6,26022040,26022045,NPAT (U2OS),0.4891380072
chr6,26022045,26022050,NPAT (U2OS),0.4279960096
chr6,26022050,26022055,NPAT (U2OS),0.4279960096
chr6,26022055,26022060,NPAT (U2OS),0.3790824115
chr6,26022060,26022065,NPAT (U2OS),0.4279960096
chr6,26022065,26022070,NPAT (U2OS),0.4769096076
chr6,26022070,26022075,NPAT (U2OS),0.4279960096
chr6,26022075,26022080,NPAT (U2OS),0.4646812081
chr6,26022080,26022085,NPAT (U2OS),0.4891380072
chr6,26022085,26022090,NPAT (U2OS),0.4891380072
chr6,26022090,26022095,NPAT (U2OS),0.4891380072
chr6,26022095,26022100,NPAT (U2OS),0.4524528086
chr6,26022100,26022105,NPAT (U2OS),0.4646812081
chr6,26022105,26022110,NPAT (U2OS),0.4891380072
chr6,26022110,26022115,NPAT (U2OS),0.4891380072
chr6,26022115,26022120,NPAT (U2OS),0.4891380072
chr6,26022120,26022125,NPAT (U2OS),0.4891380072
chr6,26022125,26022130,NPAT (U2OS),0.4891380072
chr6,26022130,26022135,NPAT (U2OS),0.4891380072
chr6,26022135,26022140,NPAT (U2OS),0.4891380072
chr6,26022140,26022145,NPAT (U2OS),0.4891380072
chr6,26022145,26022150,NPAT (U2OS),0.4891380072
chr6,26022150,26022155,NPAT (U2OS),0.4524528086
chr6,26022155,26022160,NPAT (U2OS),0.4891380072
chr6,26022160,26022165,NPAT (U2OS),0.538052392
chr6,26022165,26022170,NPAT (U2OS),0.5625093937
chr6,26022170,26022175,NPAT (U2OS),0.6114230156
chr6,26022175,26022180,NPAT (U2OS),0.6236513972
chr6,26022180,26022185,NPAT (U2OS),0.7092508078
chr6,26022185,26022190,NPAT (U2OS),0.733708024
chr6,26022190,26022195,NPAT (U2OS),0.733708024
chr6,26022195,26022200,NPAT (U2OS),0.7826215982
chr6,26022200,26022205,NPAT (U2OS),0.7948499918
chr6,26022205,26022210,NPAT (U2OS),0.7948499918
chr6,26022210,26022215,NPAT (U2OS),0.733708024
chr6,26022215,26022220,NPAT (U2OS),0.733708024
chr6,26022220,26022225,NPAT (U2OS),0.7581648111
chr6,26022225,26022230,NPAT (U2OS),0.7948499918
chr6,26022230,26022235,NPAT (U2OS),0.7948499918
chr6,26022235,26022240,NPAT (U2OS),0.7948499918
chr6,26022240,26022245,NPAT (U2OS),0.8193068027
chr6,26022245,26022250,NPAT (U2OS),0.8559920192
chr6,26022250,26022255,NPAT (U2OS),0.8559920192
chr6,26022255,26022260,NPAT (U2OS),0.8437636137
chr6,26022260,26022265,NPAT (U2OS),0.8559920192
chr6,26022265,26022270,NPAT (U2OS),0.7948499918
chr6,26022270,26022275,NPAT (U2OS),0.7948499918
chr6,26022275,26022280,NPAT (U2OS),0.7581648111
chr6,26022280,26022285,NPAT (U2OS),0.733708024
chr6,26022285,26022290,NPAT (U2OS),0.733708024
chr6,26022290,26022295,NPAT (U2OS),0.733708024
chr6,26022295,26022300,NPAT (U2OS),0.733708024
chr6,26022300,26022305,NPAT (U2OS),0.6970221996
chr6,26022305,26022310,NPAT (U2OS),0.6725649834
chr6,26022310,26022315,NPAT (U2OS),0.6725649834
chr6,26022315,26022320,NPAT (U2OS),0.7581645966
chr6,26022320,26022325,NPAT (U2OS),0.7948499918
chr6,26022325,26022330,NPAT (U2OS),0.7948499918
chr6,26022330,26022335,NPAT (U2OS),0.7948499918
chr6,26022335,26022340,NPAT (U2OS),0.8315352082
chr6,26022340,26022345,NPAT (U2OS),0.8559920192
chr6,26022345,26022350,NPAT (U2OS),0.8559920192
chr6,26022350,26022355,NPAT (U2OS),0.8559920192
chr6,26022355,26022360,NPAT (U2OS),0.7948499918
chr6,26022360,26022365,NPAT (U2OS),0.7459364176
chr6,26022365,26022370,NPAT (U2OS),0.7214794159
chr6,26022370,26022375,NPAT (U2OS),0.6725649834
chr6,26022375,26022380,NPAT (U2OS),0.5991945982
chr6,26022380,26022385,NPAT (U2OS),0.5135951996
chr6,26022385,26022390,NPAT (U2OS),0.4279960096
chr6,26022390,26022395,NPAT (U2OS),0.4279960096
chr6,26022395,26022400,NPAT (U2OS),0.3790824115
chr6,26022400,26022405,NPAT (U2OS),0.366854012
chr6,26022405,26022410,NPAT (U2OS),0.366854012
chr6,26022410,26022415,NPAT (U2OS),0.366854012
chr6,26022415,26022420,NPAT (U2OS),0.4279960096
chr6,26022420,26022425,NPAT (U2OS),0.4035392106
chr6,26022425,26022430,NPAT (U2OS),0.366854012
chr6,26022430,26022435,NPAT (U2OS),0.366854012
chr6,26022435,26022440,NPAT (U2OS),0.366854012
chr6,26022440,26022445,NPAT (U2OS),0.342397213
chr6,26022445,26022450,NPAT (U2OS),0.3301688135
chr6,26022450,26022455,NPAT (U2OS),0.366854012
chr6,26022455,26022460,NPAT (U2OS),0.366854012
chr6,26022460,26022465,NPAT (U2OS),0.3057120144
chr6,26022465,26022470,NPAT (U2OS),0.3057120144
chr6,26022470,26022475,NPAT (U2OS),0.3057120144
chr6,26022475,26022480,NPAT (U2OS),0.3057120144
chr6,26022480,26022485,NPAT (U2OS),0.3057120144
chr6,26022485,26022490,NPAT (U2OS),0.3546256125
chr6,26022490,26022495,NPAT (U2OS),0.366854012
chr6,26022495,26022500,NPAT (U2OS),0.366854012
chr6,26022500,26022505,NPAT (U2OS),0.366854012
chr6,26022505,26022510,NPAT (U2OS),0.366854012
chr6,26022510,26022515,NPAT (U2OS),0.366854012
chr6,26022515,26022520,NPAT (U2OS),0.2812546074
chr6,26022520,26022525,NPAT (U2OS),0.2690262079
chr6,26022525,26022530,NPAT (U2OS),0.3057120144
chr6,26022530,26022535,NPAT (U2OS),0.3057120144
chr6,26022535,26022540,NPAT (U2OS),0.2690262079
chr6,26022540,26022545,NPAT (U2OS),0.2445690036
chr6,26022545,26022550,NPAT (U2OS),0.2445690036
chr6,26022550,26022555,NPAT (U2OS),0.2445690036
chr6,26022555,26022560,NPAT (U2OS),0.2445690036
chr6,26022560,26022565,NPAT (U2OS),0.2445690036
chr6,26022565,26022570,NPAT (U2OS),0.2445690036
chr6,26022570,26022575,NPAT (U2OS),0.2690262079
chr6,26022575,26022580,NPAT (U2OS),0.3057120144
chr6,26022580,26022585,NPAT (U2OS),0.3057120144
chr6,26022585,26022590,NPAT (U2OS),0.3057120144
chr6,26022590,26022595,NPAT (U2OS),0.3057120144
chr6,26022595,26022600,NPAT (U2OS),0.3057120144
chr6,26022600,26022605,NPAT (U2OS),0.3057120144
chr6,26022605,26022610,NPAT (U2OS),0.3057120144
chr6,26022610,26022615,NPAT (U2OS),0.3057120144
chr6,26022615,26022620,NPAT (U2OS),0.2445690036
chr6,26022620,26022625,NPAT (U2OS),0.2445690036
chr6,26022625,26022630,NPAT (U2OS),0.2445690036
chr6,26022630,26022635,NPAT (U2OS),0.2445690036
chr6,26022635,26022640,NPAT (U2OS),0.2445690036
chr6,26022640,26022645,NPAT (U2OS),0.2445690036
chr6,26022645,26022650,NPAT (U2OS),0.2201122046
chr6,26019400,26019405,"H3, DMSO 24 h",0
chr6,26019405,26019410,"H3, DMSO 24 h",0
chr6,26019410,26019415,"H3, DMSO 24 h",0
chr6,26019415,26019420,"H3, DMSO 24 h",0
chr6,26019420,26019425,"H3, DMSO 24 h",0
chr6,26019425,26019430,"H3, DMSO 24 h",0
chr6,26019430,26019435,"H3, DMSO 24 h",0
chr6,26019435,26019440,"H3, DMSO 24 h",0
chr6,26019440,26019445,"H3, DMSO 24 h",0
chr6,26019445,26019450,"H3, DMSO 24 h",0
chr6,26019450,26019455,"H3, DMSO 24 h",0
chr6,26019455,26019460,"H3, DMSO 24 h",0
chr6,26019460,26019465,"H3, DMSO 24 h",0
chr6,26019465,26019470,"H3, DMSO 24 h",0
chr6,26019470,26019475,"H3, DMSO 24 h",0
chr6,26019475,26019480,"H3, DMSO 24 h",0
chr6,26019480,26019485,"H3, DMSO 24 h",0
chr6,26019485,26019490,"H3, DMSO 24 h",0
chr6,26019490,26019495,"H3, DMSO 24 h",0
chr6,26019495,26019500,"H3, DMSO 24 h",0
chr6,26019500,26019505,"H3, DMSO 24 h",0
chr6,26019505,26019510,"H3, DMSO 24 h",0
chr6,26019510,26019515,"H3, DMSO 24 h",0
chr6,26019515,26019520,"H3, DMSO 24 h",0
chr6,26019520,26019525,"H3, DMSO 24 h",0
chr6,26019525,26019530,"H3, DMSO 24 h",0
chr6,26019530,26019535,"H3, DMSO 24 h",0
chr6,26019535,26019540,"H3, DMSO 24 h",0
chr6,26019540,26019545,"H3, DMSO 24 h",0
chr6,26019545,26019550,"H3, DMSO 24 h",0
chr6,26019550,26019555,"H3, DMSO 24 h",0
chr6,26019555,26019560,"H3, DMSO 24 h",0
chr6,26019560,26019565,"H3, DMSO 24 h",0
chr6,26019565,26019570,"H3, DMSO 24 h",0
chr6,26019570,26019575,"H3, DMSO 24 h",0
chr6,26019575,26019580,"H3, DMSO 24 h",0
chr6,26019580,26019585,"H3, DMSO 24 h",0
chr6,26019585,26019590,"H3, DMSO 24 h",0
chr6,26019590,26019595,"H3, DMSO 24 h",0
chr6,26019595,26019600,"H3, DMSO 24 h",0
chr6,26019600,26019605,"H3, DMSO 24 h",0
chr6,26019605,26019610,"H3, DMSO 24 h",0
chr6,26019610,26019615,"H3, DMSO 24 h",0
chr6,26019615,26019620,"H3, DMSO 24 h",0
chr6,26019620,26019625,"H3, DMSO 24 h",0
chr6,26019625,26019630,"H3, DMSO 24 h",0
chr6,26019630,26019635,"H3, DMSO 24 h",0
chr6,26019635,26019640,"H3, DMSO 24 h",0
chr6,26019640,26019645,"H3, DMSO 24 h",0
chr6,26019645,26019650,"H3, DMSO 24 h",0
chr6,26019650,26019655,"H3, DMSO 24 h",0
chr6,26019655,26019660,"H3, DMSO 24 h",0
chr6,26019660,26019665,"H3, DMSO 24 h",0
chr6,26019665,26019670,"H3, DMSO 24 h",0
chr6,26019670,26019675,"H3, DMSO 24 h",0
chr6,26019675,26019680,"H3, DMSO 24 h",0
chr6,26019680,26019685,"H3, DMSO 24 h",0
chr6,26019685,26019690,"H3, DMSO 24 h",0
chr6,26019690,26019695,"H3, DMSO 24 h",0
chr6,26019695,26019700,"H3, DMSO 24 h",0
chr6,26019700,26019705,"H3, DMSO 24 h",0
chr6,26019705,26019710,"H3, DMSO 24 h",0
chr6,26019710,26019715,"H3, DMSO 24 h",0
chr6,26019715,26019720,"H3, DMSO 24 h",0
chr6,26019720,26019725,"H3, DMSO 24 h",0
chr6,26019725,26019730,"H3, DMSO 24 h",0
chr6,26019730,26019735,"H3, DMSO 24 h",0
chr6,26019735,26019740,"H3, DMSO 24 h",0
chr6,26019740,26019745,"H3, DMSO 24 h",0
chr6,26019745,26019750,"H3, DMSO 24 h",0
chr6,26019750,26019755,"H3, DMSO 24 h",0
chr6,26019755,26019760,"H3, DMSO 24 h",0
chr6,26019760,26019765,"H3, DMSO 24 h",0
chr6,26019765,26019770,"H3, DMSO 24 h",0
chr6,26019770,26019775,"H3, DMSO 24 h",0
chr6,26019775,26019780,"H3, DMSO 24 h",0
chr6,26019780,26019785,"H3, DMSO 24 h",0
chr6,26019785,26019790,"H3, DMSO 24 h",0
chr6,26019790,26019795,"H3, DMSO 24 h",0
chr6,26019795,26019800,"H3, DMSO 24 h",0
chr6,26019800,26019805,"H3, DMSO 24 h",0
chr6,26019805,26019810,"H3, DMSO 24 h",0
chr6,26019810,26019815,"H3, DMSO 24 h",0
chr6,26019815,26019820,"H3, DMSO 24 h",0
chr6,26019820,26019825,"H3, DMSO 24 h",0
chr6,26019825,26019830,"H3, DMSO 24 h",0
chr6,26019830,26019835,"H3, DMSO 24 h",0
chr6,26019835,26019840,"H3, DMSO 24 h",0
chr6,26019840,26019845,"H3, DMSO 24 h",0
chr6,26019845,26019850,"H3, DMSO 24 h",0
chr6,26019850,26019855,"H3, DMSO 24 h",0
chr6,26019855,26019860,"H3, DMSO 24 h",0
chr6,26019860,26019865,"H3, DMSO 24 h",0
chr6,26019865,26019870,"H3, DMSO 24 h",0
chr6,26019870,26019875,"H3, DMSO 24 h",0
chr6,26019875,26019880,"H3, DMSO 24 h",0
chr6,26019880,26019885,"H3, DMSO 24 h",0
chr6,26019885,26019890,"H3, DMSO 24 h",0
chr6,26019890,26019895,"H3, DMSO 24 h",0
chr6,26019895,26019900,"H3, DMSO 24 h",0
chr6,26019900,26019905,"H3, DMSO 24 h",0
chr6,26019905,26019910,"H3, DMSO 24 h",0
chr6,26019910,26019915,"H3, DMSO 24 h",0
chr6,26019915,26019920,"H3, DMSO 24 h",0
chr6,26019920,26019925,"H3, DMSO 24 h",0
chr6,26019925,26019930,"H3, DMSO 24 h",0
chr6,26019930,26019935,"H3, DMSO 24 h",0
chr6,26019935,26019940,"H3, DMSO 24 h",0
chr6,26019940,26019945,"H3, DMSO 24 h",0
chr6,26019945,26019950,"H3, DMSO 24 h",0
chr6,26019950,26019955,"H3, DMSO 24 h",0
chr6,26019955,26019960,"H3, DMSO 24 h",0
chr6,26019960,26019965,"H3, DMSO 24 h",0
chr6,26019965,26019970,"H3, DMSO 24 h",0
chr6,26019970,26019975,"H3, DMSO 24 h",0
chr6,26019975,26019980,"H3, DMSO 24 h",0
chr6,26019980,26019985,"H3, DMSO 24 h",0
chr6,26019985,26019990,"H3, DMSO 24 h",0
chr6,26019990,26019995,"H3, DMSO 24 h",0
chr6,26019995,26020000,"H3, DMSO 24 h",0
chr6,26020000,26020005,"H3, DMSO 24 h",0
chr6,26020005,26020010,"H3, DMSO 24 h",0
chr6,26020010,26020015,"H3, DMSO 24 h",0
chr6,26020015,26020020,"H3, DMSO 24 h",0
chr6,26020020,26020025,"H3, DMSO 24 h",0
chr6,26020025,26020030,"H3, DMSO 24 h",0
chr6,26020030,26020035,"H3, DMSO 24 h",0
chr6,26020035,26020040,"H3, DMSO 24 h",0
chr6,26020040,26020045,"H3, DMSO 24 h",0
chr6,26020045,26020050,"H3, DMSO 24 h",0
chr6,26020050,26020055,"H3, DMSO 24 h",0
chr6,26020055,26020060,"H3, DMSO 24 h",0
chr6,26020060,26020065,"H3, DMSO 24 h",0
chr6,26020065,26020070,"H3, DMSO 24 h",0
chr6,26020070,26020075,"H3, DMSO 24 h",0
chr6,26020075,26020080,"H3, DMSO 24 h",0
chr6,26020080,26020085,"H3, DMSO 24 h",0
chr6,26020085,26020090,"H3, DMSO 24 h",0
chr6,26020090,26020095,"H3, DMSO 24 h",0
chr6,26020095,26020100,"H3, DMSO 24 h",0
chr6,26020100,26020105,"H3, DMSO 24 h",0
chr6,26020105,26020110,"H3, DMSO 24 h",0
chr6,26020110,26020115,"H3, DMSO 24 h",0
chr6,26020115,26020120,"H3, DMSO 24 h",0
chr6,26020120,26020125,"H3, DMSO 24 h",0
chr6,26020125,26020130,"H3, DMSO 24 h",0
chr6,26020130,26020135,"H3, DMSO 24 h",0
chr6,26020135,26020140,"H3, DMSO 24 h",0
chr6,26020140,26020145,"H3, DMSO 24 h",0
chr6,26020145,26020150,"H3, DMSO 24 h",0
chr6,26020150,26020155,"H3, DMSO 24 h",0
chr6,26020155,26020160,"H3, DMSO 24 h",0
chr6,26020160,26020165,"H3, DMSO 24 h",0
chr6,26020165,26020170,"H3, DMSO 24 h",0
chr6,26020170,26020175,"H3, DMSO 24 h",0
chr6,26020175,26020180,"H3, DMSO 24 h",0
chr6,26020180,26020185,"H3, DMSO 24 h",0
chr6,26020185,26020190,"H3, DMSO 24 h",0
chr6,26020190,26020195,"H3, DMSO 24 h",0
chr6,26020195,26020200,"H3, DMSO 24 h",0
chr6,26020200,26020205,"H3, DMSO 24 h",0
chr6,26020205,26020210,"H3, DMSO 24 h",0
chr6,26020210,26020215,"H3, DMSO 24 h",0
chr6,26020215,26020220,"H3, DMSO 24 h",0
chr6,26020220,26020225,"H3, DMSO 24 h",0
chr6,26020225,26020230,"H3, DMSO 24 h",0
chr6,26020230,26020235,"H3, DMSO 24 h",0
chr6,26020235,26020240,"H3, DMSO 24 h",0
chr6,26020240,26020245,"H3, DMSO 24 h",0
chr6,26020245,26020250,"H3, DMSO 24 h",0
chr6,26020250,26020255,"H3, DMSO 24 h",0
chr6,26020255,26020260,"H3, DMSO 24 h",0
chr6,26020260,26020265,"H3, DMSO 24 h",0
chr6,26020265,26020270,"H3, DMSO 24 h",0
chr6,26020270,26020275,"H3, DMSO 24 h",0
chr6,26020275,26020280,"H3, DMSO 24 h",0
chr6,26020280,26020285,"H3, DMSO 24 h",0
chr6,26020285,26020290,"H3, DMSO 24 h",0
chr6,26020290,26020295,"H3, DMSO 24 h",0
chr6,26020295,26020300,"H3, DMSO 24 h",0
chr6,26020300,26020305,"H3, DMSO 24 h",0
chr6,26020305,26020310,"H3, DMSO 24 h",0
chr6,26020310,26020315,"H3, DMSO 24 h",0
chr6,26020315,26020320,"H3, DMSO 24 h",0
chr6,26020320,26020325,"H3, DMSO 24 h",0
chr6,26020325,26020330,"H3, DMSO 24 h",0
chr6,26020330,26020335,"H3, DMSO 24 h",0
chr6,26020335,26020340,"H3, DMSO 24 h",0
chr6,26020340,26020345,"H3, DMSO 24 h",0
chr6,26020345,26020350,"H3, DMSO 24 h",0.3885070086
chr6,26020350,26020355,"H3, DMSO 24 h",0.3885070086
chr6,26020355,26020360,"H3, DMSO 24 h",0.3885070086
chr6,26020360,26020365,"H3, DMSO 24 h",0.5113310218
chr6,26020365,26020370,"H3, DMSO 24 h",0.5407400131
chr6,26020370,26020375,"H3, DMSO 24 h",0.5848519802
chr6,26020375,26020380,"H3, DMSO 24 h",0.6503580213
chr6,26020380,26020385,"H3, DMSO 24 h",0.7486180067
chr6,26020385,26020390,"H3, DMSO 24 h",0.7486180067
chr6,26020390,26020395,"H3, DMSO 24 h",0.8468779922
chr6,26020395,26020400,"H3, DMSO 24 h",0.9123849869
chr6,26020400,26020405,"H3, DMSO 24 h",0.9123849869
chr6,26020405,26020410,"H3, DMSO 24 h",0.9123849869
chr6,26020410,26020415,"H3, DMSO 24 h",0.9123849869
chr6,26020415,26020420,"H3, DMSO 24 h",0.9123849869
chr6,26020420,26020425,"H3, DMSO 24 h",0.9344409704
chr6,26020425,26020430,"H3, DMSO 24 h",1.022660017
chr6,26020430,26020435,"H3, DMSO 24 h",1.022660017
chr6,26020435,26020440,"H3, DMSO 24 h",1.022660017
chr6,26020440,26020445,"H3, DMSO 24 h",1.022660017
chr6,26020445,26020450,"H3, DMSO 24 h",1.022660017
chr6,26020450,26020455,"H3, DMSO 24 h",1.022660017
chr6,26020455,26020460,"H3, DMSO 24 h",1.022660017
chr6,26020460,26020465,"H3, DMSO 24 h",1.055420041
chr6,26020465,26020470,"H3, DMSO 24 h",1.006289959
chr6,26020470,26020475,"H3, DMSO 24 h",0.9571560025
chr6,26020475,26020480,"H3, DMSO 24 h",0.967015028
chr6,26020480,26020485,"H3, DMSO 24 h",0.9082000256
chr6,26020485,26020490,"H3, DMSO 24 h",0.9082000256
chr6,26020490,26020495,"H3, DMSO 24 h",0.9082000256
chr6,26020495,26020500,"H3, DMSO 24 h",0.9082000256
chr6,26020500,26020505,"H3, DMSO 24 h",0.9082000256
chr6,26020505,26020510,"H3, DMSO 24 h",0.9082000256
chr6,26020510,26020515,"H3, DMSO 24 h",0.9082000256
chr6,26020515,26020520,"H3, DMSO 24 h",0.9082000256
chr6,26020520,26020525,"H3, DMSO 24 h",0.8754469752
chr6,26020525,26020530,"H3, DMSO 24 h",0.7444360256
chr6,26020530,26020535,"H3, DMSO 24 h",0.7444360256
chr6,26020535,26020540,"H3, DMSO 24 h",0.7444360256
chr6,26020540,26020545,"H3, DMSO 24 h",0.7444360256
chr6,26020545,26020550,"H3, DMSO 24 h",0.7444360256
chr6,26020550,26020555,"H3, DMSO 24 h",0.7444360256
chr6,26020555,26020560,"H3, DMSO 24 h",0.7444360256
chr6,26020560,26020565,"H3, DMSO 24 h",0.7444360256
chr6,26020565,26020570,"H3, DMSO 24 h",0.8620679975
chr6,26020570,26020575,"H3, DMSO 24 h",0.8914750218
chr6,26020575,26020580,"H3, DMSO 24 h",0.8095920086
chr6,26020580,26020585,"H3, DMSO 24 h",0.8095920086
chr6,26020585,26020590,"H3, DMSO 24 h",0.6993129849
chr6,26020590,26020595,"H3, DMSO 24 h",0.6993129849
chr6,26020595,26020600,"H3, DMSO 24 h",0.6993129849
chr6,26020600,26020605,"H3, DMSO 24 h",0.6993129849
chr6,26020605,26020610,"H3, DMSO 24 h",0.6993129849
chr6,26020610,26020615,"H3, DMSO 24 h",0.6993129849
chr6,26020615,26020620,"H3, DMSO 24 h",0.6993129849
chr6,26020620,26020625,"H3, DMSO 24 h",0.6993129849
chr6,26020625,26020630,"H3, DMSO 24 h",0.6993129849
chr6,26020630,26020635,"H3, DMSO 24 h",0.5544329882
chr6,26020635,26020640,"H3, DMSO 24 h",0.3843249977
chr6,26020640,26020645,"H3, DMSO 24 h",0.3843249977
chr6,26020645,26020650,"H3, DMSO 24 h",0.3843249977
chr6,26020650,26020655,"H3, DMSO 24 h",0.3843249977
chr6,26020655,26020660,"H3, DMSO 24 h",0.3843249977
chr6,26020660,26020665,"H3, DMSO 24 h",0.413733989
chr6,26020665,26020670,"H3, DMSO 24 h",0.4210860133
chr6,26020670,26020675,"H3, DMSO 24 h",0.4210860133
chr6,26020675,26020680,"H3, DMSO 24 h",0.4210860133
chr6,26020680,26020685,"H3, DMSO 24 h",0.4210860133
chr6,26020685,26020690,"H3, DMSO 24 h",0.4210860133
chr6,26020690,26020695,"H3, DMSO 24 h",0.4210860133
chr6,26020695,26020700,"H3, DMSO 24 h",0.4620270133
chr6,26020700,26020705,"H3, DMSO 24 h",0.4620270133
chr6,26020705,26020710,"H3, DMSO 24 h",0.4620270133
chr6,26020710,26020715,"H3, DMSO 24 h",0.4620270133
chr6,26020715,26020720,"H3, DMSO 24 h",0.4865919948
chr6,26020720,26020725,"H3, DMSO 24 h",0.5848519802
chr6,26020725,26020730,"H3, DMSO 24 h",0.5848519802
chr6,26020730,26020735,"H3, DMSO 24 h",0.5848519802
chr6,26020735,26020740,"H3, DMSO 24 h",0.5848519802
chr6,26020740,26020745,"H3, DMSO 24 h",0.5848519802
chr6,26020745,26020750,"H3, DMSO 24 h",0.5848519802
chr6,26020750,26020755,"H3, DMSO 24 h",0.5848519802
chr6,26020755,26020760,"H3, DMSO 24 h",0.5848519802
chr6,26020760,26020765,"H3, DMSO 24 h",0.5848519802
chr6,26020765,26020770,"H3, DMSO 24 h",0.5848519802
chr6,26020770,26020775,"H3, DMSO 24 h",0.5554440022
chr6,26020775,26020780,"H3, DMSO 24 h",0.4378120005
chr6,26020780,26020785,"H3, DMSO 24 h",0.4378120005
chr6,26020785,26020790,"H3, DMSO 24 h",0.4378120005
chr6,26020790,26020795,"H3, DMSO 24 h",0.3886820078
chr6,26020795,26020800,"H3, DMSO 24 h",0.1921630055
chr6,26020800,26020805,"H3, DMSO 24 h",0.1921630055
chr6,26020805,26020810,"H3, DMSO 24 h",0.1921630055
chr6,26020810,26020815,"H3, DMSO 24 h",0.1921630055
chr6,26020815,26020820,"H3, DMSO 24 h",0
chr6,26020820,26020825,"H3, DMSO 24 h",0
chr6,26020825,26020830,"H3, DMSO 24 h",0
chr6,26020830,26020835,"H3, DMSO 24 h",0
chr6,26020835,26020840,"H3, DMSO 24 h",0
chr6,26020840,26020845,"H3, DMSO 24 h",0
chr6,26020845,26020850,"H3, DMSO 24 h",0
chr6,26020850,26020855,"H3, DMSO 24 h",0
chr6,26020855,26020860,"H3, DMSO 24 h",0
chr6,26020860,26020865,"H3, DMSO 24 h",0
chr6,26020865,26020870,"H3, DMSO 24 h",0
chr6,26020870,26020875,"H3, DMSO 24 h",0
chr6,26020875,26020880,"H3, DMSO 24 h",0
chr6,26020880,26020885,"H3, DMSO 24 h",0
chr6,26020885,26020890,"H3, DMSO 24 h",0
chr6,26020890,26020895,"H3, DMSO 24 h",0
chr6,26020895,26020900,"H3, DMSO 24 h",0
chr6,26020900,26020905,"H3, DMSO 24 h",0
chr6,26020905,26020910,"H3, DMSO 24 h",0
chr6,26020910,26020915,"H3, DMSO 24 h",0
chr6,26020915,26020920,"H3, DMSO 24 h",0
chr6,26020920,26020925,"H3, DMSO 24 h",0
chr6,26020925,26020930,"H3, DMSO 24 h",0
chr6,26020930,26020935,"H3, DMSO 24 h",0
chr6,26020935,26020940,"H3, DMSO 24 h",0
chr6,26020940,26020945,"H3, DMSO 24 h",0
chr6,26020945,26020950,"H3, DMSO 24 h",0
chr6,26020950,26020955,"H3, DMSO 24 h",0
chr6,26020955,26020960,"H3, DMSO 24 h",0
chr6,26020960,26020965,"H3, DMSO 24 h",0
chr6,26020965,26020970,"H3, DMSO 24 h",0
chr6,26020970,26020975,"H3, DMSO 24 h",0
chr6,26020975,26020980,"H3, DMSO 24 h",0
chr6,26020980,26020985,"H3, DMSO 24 h",0
chr6,26020985,26020990,"H3, DMSO 24 h",0
chr6,26020990,26020995,"H3, DMSO 24 h",0
chr6,26020995,26021000,"H3, DMSO 24 h",0
chr6,26021000,26021005,"H3, DMSO 24 h",0
chr6,26021005,26021010,"H3, DMSO 24 h",0
chr6,26021010,26021015,"H3, DMSO 24 h",0
chr6,26021015,26021020,"H3, DMSO 24 h",0
chr6,26021020,26021025,"H3, DMSO 24 h",0
chr6,26021025,26021030,"H3, DMSO 24 h",0
chr6,26021030,26021035,"H3, DMSO 24 h",0
chr6,26021035,26021040,"H3, DMSO 24 h",0
chr6,26021040,26021045,"H3, DMSO 24 h",0
chr6,26021045,26021050,"H3, DMSO 24 h",0
chr6,26021050,26021055,"H3, DMSO 24 h",0
chr6,26021055,26021060,"H3, DMSO 24 h",0
chr6,26021060,26021065,"H3, DMSO 24 h",0
chr6,26021065,26021070,"H3, DMSO 24 h",0
chr6,26021070,26021075,"H3, DMSO 24 h",0
chr6,26021075,26021080,"H3, DMSO 24 h",0
chr6,26021080,26021085,"H3, DMSO 24 h",0
chr6,26021085,26021090,"H3, DMSO 24 h",0
chr6,26021090,26021095,"H3, DMSO 24 h",0
chr6,26021095,26021100,"H3, DMSO 24 h",0
chr6,26021100,26021105,"H3, DMSO 24 h",0
chr6,26021105,26021110,"H3, DMSO 24 h",0
chr6,26021110,26021115,"H3, DMSO 24 h",0
chr6,26021115,26021120,"H3, DMSO 24 h",0
chr6,26021120,26021125,"H3, DMSO 24 h",0
chr6,26021125,26021130,"H3, DMSO 24 h",0
chr6,26021130,26021135,"H3, DMSO 24 h",0
chr6,26021135,26021140,"H3, DMSO 24 h",0
chr6,26021140,26021145,"H3, DMSO 24 h",0
chr6,26021145,26021150,"H3, DMSO 24 h",0
chr6,26021150,26021155,"H3, DMSO 24 h",0.2740460038
chr6,26021155,26021160,"H3, DMSO 24 h",0.2740460038
chr6,26021160,26021165,"H3, DMSO 24 h",0.2740460038
chr6,26021165,26021170,"H3, DMSO 24 h",0.2740460038
chr6,26021170,26021175,"H3, DMSO 24 h",0.2740460038
chr6,26021175,26021180,"H3, DMSO 24 h",0.2740460038
chr6,26021180,26021185,"H3, DMSO 24 h",0.2740460038
chr6,26021185,26021190,"H3, DMSO 24 h",0.2740460038
chr6,26021190,26021195,"H3, DMSO 24 h",0.2740460038
chr6,26021195,26021200,"H3, DMSO 24 h",0.2740460038
chr6,26021200,26021205,"H3, DMSO 24 h",0.2740460038
chr6,26021205,26021210,"H3, DMSO 24 h",0.2740460038
chr6,26021210,26021215,"H3, DMSO 24 h",0.2740460038
chr6,26021215,26021220,"H3, DMSO 24 h",0.2740460038
chr6,26021220,26021225,"H3, DMSO 24 h",0.2740460038
chr6,26021225,26021230,"H3, DMSO 24 h",0.2740460038
chr6,26021230,26021235,"H3, DMSO 24 h",0.3231759965
chr6,26021235,26021240,"H3, DMSO 24 h",0.3559289873
chr6,26021240,26021245,"H3, DMSO 24 h",0.398368001
chr6,26021245,26021250,"H3, DMSO 24 h",0.4128969908
chr6,26021250,26021255,"H3, DMSO 24 h",0.3392030001
chr6,26021255,26021260,"H3, DMSO 24 h",0.3171469867
chr6,26021260,26021265,"H3, DMSO 24 h",0.2289229929
chr6,26021265,26021270,"H3, DMSO 24 h",0.2289229929
chr6,26021270,26021275,"H3, DMSO 24 h",0.2289229929
chr6,26021275,26021280,"H3, DMSO 24 h",0.2289229929
chr6,26021280,26021285,"H3, DMSO 24 h",0.2289229929
chr6,26021285,26021290,"H3, DMSO 24 h",0.2289229929
chr6,26021290,26021295,"H3, DMSO 24 h",0.2289229929
chr6,26021295,26021300,"H3, DMSO 24 h",0.2289229929
chr6,26021300,26021305,"H3, DMSO 24 h",0.2289229929
chr6,26021305,26021310,"H3, DMSO 24 h",0.2289229929
chr6,26021310,26021315,"H3, DMSO 24 h",0.2289229929
chr6,26021315,26021320,"H3, DMSO 24 h",0.2289229929
chr6,26021320,26021325,"H3, DMSO 24 h",0.2289229929
chr6,26021325,26021330,"H3, DMSO 24 h",0.2289229929
chr6,26021330,26021335,"H3, DMSO 24 h",0.2289229929
chr6,26021335,26021340,"H3, DMSO 24 h",0.2289229929
chr6,26021340,26021345,"H3, DMSO 24 h",0.2289229929
chr6,26021345,26021350,"H3, DMSO 24 h",0.2289229929
chr6,26021350,26021355,"H3, DMSO 24 h",0.2289229929
chr6,26021355,26021360,"H3, DMSO 24 h",0.2289229929
chr6,26021360,26021365,"H3, DMSO 24 h",0.2289229929
chr6,26021365,26021370,"H3, DMSO 24 h",0.2289229929
chr6,26021370,26021375,"H3, DMSO 24 h",0.2289229929
chr6,26021375,26021380,"H3, DMSO 24 h",0.2362750024
chr6,26021380,26021385,"H3, DMSO 24 h",0.2656829953
chr6,26021385,26021390,"H3, DMSO 24 h",0.2656829953
chr6,26021390,26021395,"H3, DMSO 24 h",0.2656829953
chr6,26021395,26021400,"H3, DMSO 24 h",0.2656829953
chr6,26021400,26021405,"H3, DMSO 24 h",0.2656829953
chr6,26021405,26021410,"H3, DMSO 24 h",0.2656829953
chr6,26021410,26021415,"H3, DMSO 24 h",0.2656829953
chr6,26021415,26021420,"H3, DMSO 24 h",0.2656829953
chr6,26021420,26021425,"H3, DMSO 24 h",0.2656829953
chr6,26021425,26021430,"H3, DMSO 24 h",0.2656829953
chr6,26021430,26021435,"H3, DMSO 24 h",0.2656829953
chr6,26021435,26021440,"H3, DMSO 24 h",0.2656829953
chr6,26021440,26021445,"H3, DMSO 24 h",0.2656829953
chr6,26021445,26021450,"H3, DMSO 24 h",0.4421299994
chr6,26021450,26021455,"H3, DMSO 24 h",0.4862419963
chr6,26021455,26021460,"H3, DMSO 24 h",0.4862419963
chr6,26021460,26021465,"H3, DMSO 24 h",0
chr6,26021465,26021470,"H3, DMSO 24 h",0
chr6,26021470,26021475,"H3, DMSO 24 h",0
chr6,26021475,26021480,"H3, DMSO 24 h",0.5271840096
chr6,26021480,26021485,"H3, DMSO 24 h",0.5271840096
chr6,26021485,26021490,"H3, DMSO 24 h",0.5271840096
chr6,26021490,26021495,"H3, DMSO 24 h",0.5271840096
chr6,26021495,26021500,"H3, DMSO 24 h",0.5271840096
chr6,26021500,26021505,"H3, DMSO 24 h",0.5271840096
chr6,26021505,26021510,"H3, DMSO 24 h",0.5271840096
chr6,26021510,26021515,"H3, DMSO 24 h",0.5271840096
chr6,26021515,26021520,"H3, DMSO 24 h",0.5271840096
chr6,26021520,26021525,"H3, DMSO 24 h",0.6581959724
chr6,26021525,26021530,"H3, DMSO 24 h",0.7237030268
chr6,26021530,26021535,"H3, DMSO 24 h",0.7728329897
chr6,26021535,26021540,"H3, DMSO 24 h",0.8463519812
chr6,26021540,26021545,"H3, DMSO 24 h",1.065590024
chr6,26021545,26021550,"H3, DMSO 24 h",1.325099945
chr6,26021550,26021555,"H3, DMSO 24 h",1.202280045
chr6,26021555,26021560,"H3, DMSO 24 h",1.202280045
chr6,26021560,26021565,"H3, DMSO 24 h",1.202280045
chr6,26021565,26021570,"H3, DMSO 24 h",1.17287004
chr6,26021570,26021575,"H3, DMSO 24 h",1.165519953
chr6,26021575,26021580,"H3, DMSO 24 h",1.165519953
chr6,26021580,26021585,"H3, DMSO 24 h",1.165519953
chr6,26021585,26021590,"H3, DMSO 24 h",1.165519953
chr6,26021590,26021595,"H3, DMSO 24 h",1.285179973
chr6,26021595,26021600,"H3, DMSO 24 h",1.108729959
chr6,26021600,26021605,"H3, DMSO 24 h",1.108729959
chr6,26021605,26021610,"H3, DMSO 24 h",1.108729959
chr6,26021610,26021615,"H3, DMSO 24 h",1.108729959
chr6,26021615,26021620,"H3, DMSO 24 h",1.064620018
chr6,26021620,26021625,"H3, DMSO 24 h",1.035210013
chr6,26021625,26021630,"H3, DMSO 24 h",1.035210013
chr6,26021630,26021635,"H3, DMSO 24 h",1.128450036
chr6,26021635,26021640,"H3, DMSO 24 h",1.268309951
chr6,26021640,26021645,"H3, DMSO 24 h",1.292880058
chr6,26021645,26021650,"H3, DMSO 24 h",1.309249997
chr6,26021650,26021655,"H3, DMSO 24 h",1.309249997
chr6,26021655,26021660,"H3, DMSO 24 h",1.309249997
chr6,26021660,26021665,"H3, DMSO 24 h",1.309249997
chr6,26021665,26021670,"H3, DMSO 24 h",1.309249997
chr6,26021670,26021675,"H3, DMSO 24 h",1.309249997
chr6,26021675,26021680,"H3, DMSO 24 h",1.493049979
chr6,26021680,26021685,"H3, DMSO 24 h",1.493049979
chr6,26021685,26021690,"H3, DMSO 24 h",1.501240015
chr6,26021690,26021695,"H3, DMSO 24 h",1.534000039
chr6,26021695,26021700,"H3, DMSO 24 h",1.473510027
chr6,26021700,26021705,"H3, DMSO 24 h",1.358209968
chr6,26021705,26021710,"H3, DMSO 24 h",1.259950042
chr6,26021710,26021715,"H3, DMSO 24 h",1.518280029
chr6,26021715,26021720,"H3, DMSO 24 h",1.591140032
chr6,26021720,26021725,"H3, DMSO 24 h",1.542359948
chr6,26021725,26021730,"H3, DMSO 24 h",1.525979996
chr6,26021730,26021735,"H3, DMSO 24 h",1.460469961
chr6,26021735,26021740,"H3, DMSO 24 h",1.51928997
chr6,26021740,26021745,"H3, DMSO 24 h",1.300889969
chr6,26021745,26021750,"H3, DMSO 24 h",1.219009995
chr6,26021750,26021755,"H3, DMSO 24 h",1.219009995
chr6,26021755,26021760,"H3, DMSO 24 h",1.219009995
chr6,26021760,26021765,"H3, DMSO 24 h",1.219009995
chr6,26021765,26021770,"H3, DMSO 24 h",1.24842
chr6,26021770,26021775,"H3, DMSO 24 h",1.182250023
chr6,26021775,26021780,"H3, DMSO 24 h",1.182250023
chr6,26021780,26021785,"H3, DMSO 24 h",1.182250023
chr6,26021785,26021790,"H3, DMSO 24 h",1.149500012
chr6,26021790,26021795,"H3, DMSO 24 h",1.018479943
chr6,26021795,26021800,"H3, DMSO 24 h",1.018479943
chr6,26021800,26021805,"H3, DMSO 24 h",1.018479943
chr6,26021805,26021810,"H3, DMSO 24 h",1.165519953
chr6,26021810,26021815,"H3, DMSO 24 h",1.165519953
chr6,26021815,26021820,"H3, DMSO 24 h",1.165519953
chr6,26021820,26021825,"H3, DMSO 24 h",1.165519953
chr6,26021825,26021830,"H3, DMSO 24 h",1.206470013
chr6,26021830,26021835,"H3, DMSO 24 h",1.206470013
chr6,26021835,26021840,"H3, DMSO 24 h",1.206470013
chr6,26021840,26021845,"H3, DMSO 24 h",1.206470013
chr6,26021845,26021850,"H3, DMSO 24 h",1.140959978
chr6,26021850,26021855,"H3, DMSO 24 h",1.042700052
chr6,26021855,26021860,"H3, DMSO 24 h",0.9935680032
chr6,26021860,26021865,"H3, DMSO 24 h",0.9198740125
chr6,26021865,26021870,"H3, DMSO 24 h",0.9198740125
chr6,26021870,26021875,"H3, DMSO 24 h",1.177189946
chr6,26021875,26021880,"H3, DMSO 24 h",1.177189946
chr6,26021880,26021885,"H3, DMSO 24 h",1.177189946
chr6,26021885,26021890,"H3, DMSO 24 h",1.177189946
chr6,26021890,26021895,"H3, DMSO 24 h",1.295840025
chr6,26021895,26021900,"H3, DMSO 24 h",1.287649989
chr6,26021900,26021905,"H3, DMSO 24 h",1.254899979
chr6,26021905,26021910,"H3, DMSO 24 h",1.254899979
chr6,26021910,26021915,"H3, DMSO 24 h",1.254899979
chr6,26021915,26021920,"H3, DMSO 24 h",1.254899979
chr6,26021920,26021925,"H3, DMSO 24 h",1.009770036
chr6,26021925,26021930,"H3, DMSO 24 h",0.9713370204
chr6,26021930,26021935,"H3, DMSO 24 h",0.9402570128
chr6,26021935,26021940,"H3, DMSO 24 h",0.8419970274
chr6,26021940,26021945,"H3, DMSO 24 h",0.8338090181
chr6,26021945,26021950,"H3, DMSO 24 h",0.7355489731
chr6,26021950,26021955,"H3, DMSO 24 h",0.6700429916
chr6,26021955,26021960,"H3, DMSO 24 h",0.4127230048
chr6,26021960,26021965,"H3, DMSO 24 h",0.4127230048
chr6,26021965,26021970,"H3, DMSO 24 h",0.4127230048
chr6,26021970,26021975,"H3, DMSO 24 h",0.4127230048
chr6,26021975,26021980,"H3, DMSO 24 h",0.4127230048
chr6,26021980,26021985,"H3, DMSO 24 h",0.4127230048
chr6,26021985,26021990,"H3, DMSO 24 h",0.4127230048
chr6,26021990,26021995,"H3, DMSO 24 h",0.4127230048
chr6,26021995,26022000,"H3, DMSO 24 h",0.4127230048
chr6,26022000,26022005,"H3, DMSO 24 h",0.4127230048
chr6,26022005,26022010,"H3, DMSO 24 h",0.4127230048
chr6,26022010,26022015,"H3, DMSO 24 h",0.4127230048
chr6,26022015,26022020,"H3, DMSO 24 h",0.4127230048
chr6,26022020,26022025,"H3, DMSO 24 h",0.4127230048
chr6,26022025,26022030,"H3, DMSO 24 h",0
chr6,26022030,26022035,"H3, DMSO 24 h",0
chr6,26022035,26022040,"H3, DMSO 24 h",0
chr6,26022040,26022045,"H3, DMSO 24 h",0
chr6,26022045,26022050,"H3, DMSO 24 h",0
chr6,26022050,26022055,"H3, DMSO 24 h",0
chr6,26022055,26022060,"H3, DMSO 24 h",0
chr6,26022060,26022065,"H3, DMSO 24 h",0
chr6,26022065,26022070,"H3, DMSO 24 h",0
chr6,26022070,26022075,"H3, DMSO 24 h",0
chr6,26022075,26022080,"H3, DMSO 24 h",0
chr6,26022080,26022085,"H3, DMSO 24 h",0
chr6,26022085,26022090,"H3, DMSO 24 h",0
chr6,26022090,26022095,"H3, DMSO 24 h",0
chr6,26022095,26022100,"H3, DMSO 24 h",0
chr6,26022100,26022105,"H3, DMSO 24 h",0
chr6,26022105,26022110,"H3, DMSO 24 h",0
chr6,26022110,26022115,"H3, DMSO 24 h",0.3885070086
chr6,26022115,26022120,"H3, DMSO 24 h",0.3885070086
chr6,26022120,26022125,"H3, DMSO 24 h",0.3885070086
chr6,26022125,26022130,"H3, DMSO 24 h",0.3885070086
chr6,26022130,26022135,"H3, DMSO 24 h",0.3885070086
chr6,26022135,26022140,"H3, DMSO 24 h",0.3885070086
chr6,26022140,26022145,"H3, DMSO 24 h",0.3885070086
chr6,26022145,26022150,"H3, DMSO 24 h",0.3885070086
chr6,26022150,26022155,"H3, DMSO 24 h",0.3885070086
chr6,26022155,26022160,"H3, DMSO 24 h",0.3885070086
chr6,26022160,26022165,"H3, DMSO 24 h",0.3885070086
chr6,26022165,26022170,"H3, DMSO 24 h",0.41307199
chr6,26022170,26022175,"H3, DMSO 24 h",0.5113310218
chr6,26022175,26022180,"H3, DMSO 24 h",0.5113310218
chr6,26022180,26022185,"H3, DMSO 24 h",0.5113310218
chr6,26022185,26022190,"H3, DMSO 24 h",0.5113310218
chr6,26022190,26022195,"H3, DMSO 24 h",0.5113310218
chr6,26022195,26022200,"H3, DMSO 24 h",0.5113310218
chr6,26022200,26022205,"H3, DMSO 24 h",0.5113310218
chr6,26022205,26022210,"H3, DMSO 24 h",0.5113310218
chr6,26022210,26022215,"H3, DMSO 24 h",0.5113310218
chr6,26022215,26022220,"H3, DMSO 24 h",0.5113310218
chr6,26022220,26022225,"H3, DMSO 24 h",0.5113310218
chr6,26022225,26022230,"H3, DMSO 24 h",0.5113310218
chr6,26022230,26022235,"H3, DMSO 24 h",0.5113310218
chr6,26022235,26022240,"H3, DMSO 24 h",0.4745709896
chr6,26022240,26022245,"H3, DMSO 24 h",0.4745709896
chr6,26022245,26022250,"H3, DMSO 24 h",0.4745709896
chr6,26022250,26022255,"H3, DMSO 24 h",0.5973960161
chr6,26022255,26022260,"H3, DMSO 24 h",0.6792790294
chr6,26022260,26022265,"H3, DMSO 24 h",0.6792790294
chr6,26022265,26022270,"H3, DMSO 24 h",0.6792790294
chr6,26022270,26022275,"H3, DMSO 24 h",0.6204640269
chr6,26022275,26022280,"H3, DMSO 24 h",0.6057599783
chr6,26022280,26022285,"H3, DMSO 24 h",0.6057599783
chr6,26022285,26022290,"H3, DMSO 24 h",0.6057599783
chr6,26022290,26022295,"H3, DMSO 24 h",0.6057599783
chr6,26022295,26022300,"H3, DMSO 24 h",0.6057599783
chr6,26022300,26022305,"H3, DMSO 24 h",0.5648180246
chr6,26022305,26022310,"H3, DMSO 24 h",0.4010519981
chr6,26022310,26022315,"H3, DMSO 24 h",0.4010519981
chr6,26022315,26022320,"H3, DMSO 24 h",0.4672200084
chr6,26022320,26022325,"H3, DMSO 24 h",0.5113310218
chr6,26022325,26022330,"H3, DMSO 24 h",0
chr6,26022330,26022335,"H3, DMSO 24 h",0
chr6,26022335,26022340,"H3, DMSO 24 h",0
chr6,26022340,26022345,"H3, DMSO 24 h",0
chr6,26022345,26022350,"H3, DMSO 24 h",0
chr6,26022350,26022355,"H3, DMSO 24 h",0
chr6,26022355,26022360,"H3, DMSO 24 h",0
chr6,26022360,26022365,"H3, DMSO 24 h",0
chr6,26022365,26022370,"H3, DMSO 24 h",0
chr6,26022370,26022375,"H3, DMSO 24 h",0
chr6,26022375,26022380,"H3, DMSO 24 h",0
chr6,26022380,26022385,"H3, DMSO 24 h",0
chr6,26022385,26022390,"H3, DMSO 24 h",0
chr6,26022390,26022395,"H3, DMSO 24 h",0
chr6,26022395,26022400,"H3, DMSO 24 h",0
chr6,26022400,26022405,"H3, DMSO 24 h",0
chr6,26022405,26022410,"H3, DMSO 24 h",0
chr6,26022410,26022415,"H3, DMSO 24 h",0
chr6,26022415,26022420,"H3, DMSO 24 h",0
chr6,26022420,26022425,"H3, DMSO 24 h",0
chr6,26022425,26022430,"H3, DMSO 24 h",0
chr6,26022430,26022435,"H3, DMSO 24 h",0
chr6,26022435,26022440,"H3, DMSO 24 h",0
chr6,26022440,26022445,"H3, DMSO 24 h",0
chr6,26022445,26022450,"H3, DMSO 24 h",0
chr6,26022450,26022455,"H3, DMSO 24 h",0
chr6,26022455,26022460,"H3, DMSO 24 h",0
chr6,26022460,26022465,"H3, DMSO 24 h",0
chr6,26022465,26022470,"H3, DMSO 24 h",0
chr6,26022470,26022475,"H3, DMSO 24 h",0
chr6,26022475,26022480,"H3, DMSO 24 h",0
chr6,26022480,26022485,"H3, DMSO 24 h",0
chr6,26022485,26022490,"H3, DMSO 24 h",0
chr6,26022490,26022495,"H3, DMSO 24 h",0
chr6,26022495,26022500,"H3, DMSO 24 h",0
chr6,26022500,26022505,"H3, DMSO 24 h",0
chr6,26022505,26022510,"H3, DMSO 24 h",0
chr6,26022510,26022515,"H3, DMSO 24 h",0
chr6,26022515,26022520,"H3, DMSO 24 h",0
chr6,26022520,26022525,"H3, DMSO 24 h",0
chr6,26022525,26022530,"H3, DMSO 24 h",0
chr6,26022530,26022535,"H3, DMSO 24 h",0
chr6,26022535,26022540,"H3, DMSO 24 h",0
chr6,26022540,26022545,"H3, DMSO 24 h",0
chr6,26022545,26022550,"H3, DMSO 24 h",0
chr6,26022550,26022555,"H3, DMSO 24 h",0
chr6,26022555,26022560,"H3, DMSO 24 h",0
chr6,26022560,26022565,"H3, DMSO 24 h",0
chr6,26022565,26022570,"H3, DMSO 24 h",0
chr6,26022570,26022575,"H3, DMSO 24 h",0
chr6,26022575,26022580,"H3, DMSO 24 h",0
chr6,26022580,26022585,"H3, DMSO 24 h",0
chr6,26022585,26022590,"H3, DMSO 24 h",0
chr6,26022590,26022595,"H3, DMSO 24 h",0
chr6,26022595,26022600,"H3, DMSO 24 h",0
chr6,26022600,26022605,"H3, DMSO 24 h",0
chr6,26022605,26022610,"H3, DMSO 24 h",0
chr6,26022610,26022615,"H3, DMSO 24 h",0
chr6,26022615,26022620,"H3, DMSO 24 h",0
chr6,26022620,26022625,"H3, DMSO 24 h",0
chr6,26022625,26022630,"H3, DMSO 24 h",0
chr6,26022630,26022635,"H3, DMSO 24 h",0
chr6,26022635,26022640,"H3, DMSO 24 h",0
chr6,26022640,26022645,"H3, DMSO 24 h",0
chr6,26022645,26022650,"H3, DMSO 24 h",0
chr6,26019400,26019405,"H4, DMSO 24 h",0
chr6,26019405,26019410,"H4, DMSO 24 h",0
chr6,26019410,26019415,"H4, DMSO 24 h",0
chr6,26019415,26019420,"H4, DMSO 24 h",0
chr6,26019420,26019425,"H4, DMSO 24 h",0
chr6,26019425,26019430,"H4, DMSO 24 h",0
chr6,26019430,26019435,"H4, DMSO 24 h",0
chr6,26019435,26019440,"H4, DMSO 24 h",0
chr6,26019440,26019445,"H4, DMSO 24 h",0
chr6,26019445,26019450,"H4, DMSO 24 h",0
chr6,26019450,26019455,"H4, DMSO 24 h",0
chr6,26019455,26019460,"H4, DMSO 24 h",0
chr6,26019460,26019465,"H4, DMSO 24 h",0
chr6,26019465,26019470,"H4, DMSO 24 h",0
chr6,26019470,26019475,"H4, DMSO 24 h",0
chr6,26019475,26019480,"H4, DMSO 24 h",0
chr6,26019480,26019485,"H4, DMSO 24 h",0
chr6,26019485,26019490,"H4, DMSO 24 h",0
chr6,26019490,26019495,"H4, DMSO 24 h",0
chr6,26019495,26019500,"H4, DMSO 24 h",0
chr6,26019500,26019505,"H4, DMSO 24 h",0
chr6,26019505,26019510,"H4, DMSO 24 h",0
chr6,26019510,26019515,"H4, DMSO 24 h",0
chr6,26019515,26019520,"H4, DMSO 24 h",0
chr6,26019520,26019525,"H4, DMSO 24 h",0
chr6,26019525,26019530,"H4, DMSO 24 h",0
chr6,26019530,26019535,"H4, DMSO 24 h",0
chr6,26019535,26019540,"H4, DMSO 24 h",0
chr6,26019540,26019545,"H4, DMSO 24 h",0
chr6,26019545,26019550,"H4, DMSO 24 h",0
chr6,26019550,26019555,"H4, DMSO 24 h",0
chr6,26019555,26019560,"H4, DMSO 24 h",0
chr6,26019560,26019565,"H4, DMSO 24 h",0
chr6,26019565,26019570,"H4, DMSO 24 h",0
chr6,26019570,26019575,"H4, DMSO 24 h",0
chr6,26019575,26019580,"H4, DMSO 24 h",0
chr6,26019580,26019585,"H4, DMSO 24 h",0
chr6,26019585,26019590,"H4, DMSO 24 h",0
chr6,26019590,26019595,"H4, DMSO 24 h",0
chr6,26019595,26019600,"H4, DMSO 24 h",0
chr6,26019600,26019605,"H4, DMSO 24 h",0
chr6,26019605,26019610,"H4, DMSO 24 h",0
chr6,26019610,26019615,"H4, DMSO 24 h",0
chr6,26019615,26019620,"H4, DMSO 24 h",0
chr6,26019620,26019625,"H4, DMSO 24 h",0
chr6,26019625,26019630,"H4, DMSO 24 h",0
chr6,26019630,26019635,"H4, DMSO 24 h",0
chr6,26019635,26019640,"H4, DMSO 24 h",0
chr6,26019640,26019645,"H4, DMSO 24 h",0
chr6,26019645,26019650,"H4, DMSO 24 h",0
chr6,26019650,26019655,"H4, DMSO 24 h",0
chr6,26019655,26019660,"H4, DMSO 24 h",0
chr6,26019660,26019665,"H4, DMSO 24 h",0
chr6,26019665,26019670,"H4, DMSO 24 h",0
chr6,26019670,26019675,"H4, DMSO 24 h",0
chr6,26019675,26019680,"H4, DMSO 24 h",0
chr6,26019680,26019685,"H4, DMSO 24 h",0
chr6,26019685,26019690,"H4, DMSO 24 h",0
chr6,26019690,26019695,"H4, DMSO 24 h",0
chr6,26019695,26019700,"H4, DMSO 24 h",0
chr6,26019700,26019705,"H4, DMSO 24 h",0
chr6,26019705,26019710,"H4, DMSO 24 h",0
chr6,26019710,26019715,"H4, DMSO 24 h",0
chr6,26019715,26019720,"H4, DMSO 24 h",0
chr6,26019720,26019725,"H4, DMSO 24 h",0
chr6,26019725,26019730,"H4, DMSO 24 h",0
chr6,26019730,26019735,"H4, DMSO 24 h",0
chr6,26019735,26019740,"H4, DMSO 24 h",0
chr6,26019740,26019745,"H4, DMSO 24 h",0
chr6,26019745,26019750,"H4, DMSO 24 h",0
chr6,26019750,26019755,"H4, DMSO 24 h",0
chr6,26019755,26019760,"H4, DMSO 24 h",0
chr6,26019760,26019765,"H4, DMSO 24 h",0
chr6,26019765,26019770,"H4, DMSO 24 h",0
chr6,26019770,26019775,"H4, DMSO 24 h",0
chr6,26019775,26019780,"H4, DMSO 24 h",0
chr6,26019780,26019785,"H4, DMSO 24 h",0
chr6,26019785,26019790,"H4, DMSO 24 h",0
chr6,26019790,26019795,"H4, DMSO 24 h",0
chr6,26019795,26019800,"H4, DMSO 24 h",0
chr6,26019800,26019805,"H4, DMSO 24 h",0
chr6,26019805,26019810,"H4, DMSO 24 h",0
chr6,26019810,26019815,"H4, DMSO 24 h",0
chr6,26019815,26019820,"H4, DMSO 24 h",0
chr6,26019820,26019825,"H4, DMSO 24 h",0
chr6,26019825,26019830,"H4, DMSO 24 h",0
chr6,26019830,26019835,"H4, DMSO 24 h",0
chr6,26019835,26019840,"H4, DMSO 24 h",0
chr6,26019840,26019845,"H4, DMSO 24 h",0
chr6,26019845,26019850,"H4, DMSO 24 h",0
chr6,26019850,26019855,"H4, DMSO 24 h",0
chr6,26019855,26019860,"H4, DMSO 24 h",0
chr6,26019860,26019865,"H4, DMSO 24 h",0
chr6,26019865,26019870,"H4, DMSO 24 h",0
chr6,26019870,26019875,"H4, DMSO 24 h",0
chr6,26019875,26019880,"H4, DMSO 24 h",0
chr6,26019880,26019885,"H4, DMSO 24 h",0
chr6,26019885,26019890,"H4, DMSO 24 h",0
chr6,26019890,26019895,"H4, DMSO 24 h",0
chr6,26019895,26019900,"H4, DMSO 24 h",0
chr6,26019900,26019905,"H4, DMSO 24 h",0
chr6,26019905,26019910,"H4, DMSO 24 h",0
chr6,26019910,26019915,"H4, DMSO 24 h",0
chr6,26019915,26019920,"H4, DMSO 24 h",0
chr6,26019920,26019925,"H4, DMSO 24 h",0
chr6,26019925,26019930,"H4, DMSO 24 h",0
chr6,26019930,26019935,"H4, DMSO 24 h",0
chr6,26019935,26019940,"H4, DMSO 24 h",0
chr6,26019940,26019945,"H4, DMSO 24 h",0
chr6,26019945,26019950,"H4, DMSO 24 h",0
chr6,26019950,26019955,"H4, DMSO 24 h",0
chr6,26019955,26019960,"H4, DMSO 24 h",0
chr6,26019960,26019965,"H4, DMSO 24 h",0.8302800059
chr6,26019965,26019970,"H4, DMSO 24 h",0.6500499845
chr6,26019970,26019975,"H4, DMSO 24 h",0.6500499845
chr6,26019975,26019980,"H4, DMSO 24 h",0.6500499845
chr6,26019980,26019985,"H4, DMSO 24 h",0.6500499845
chr6,26019985,26019990,"H4, DMSO 24 h",0.6500499845
chr6,26019990,26019995,"H4, DMSO 24 h",0.6500499845
chr6,26019995,26020000,"H4, DMSO 24 h",0.6500499845
chr6,26020000,26020005,"H4, DMSO 24 h",0.6500499845
chr6,26020005,26020010,"H4, DMSO 24 h",0.6500499845
chr6,26020010,26020015,"H4, DMSO 24 h",0.6500499845
chr6,26020015,26020020,"H4, DMSO 24 h",0.6500499845
chr6,26020020,26020025,"H4, DMSO 24 h",0.6500499845
chr6,26020025,26020030,"H4, DMSO 24 h",0.6500499845
chr6,26020030,26020035,"H4, DMSO 24 h",0.6500499845
chr6,26020035,26020040,"H4, DMSO 24 h",0.6500499845
chr6,26020040,26020045,"H4, DMSO 24 h",0.6500499845
chr6,26020045,26020050,"H4, DMSO 24 h",0.6500499845
chr6,26020050,26020055,"H4, DMSO 24 h",0.6500499845
chr6,26020055,26020060,"H4, DMSO 24 h",0.6500499845
chr6,26020060,26020065,"H4, DMSO 24 h",0.6500499845
chr6,26020065,26020070,"H4, DMSO 24 h",0.6500499845
chr6,26020070,26020075,"H4, DMSO 24 h",0.6500499845
chr6,26020075,26020080,"H4, DMSO 24 h",0.6500499845
chr6,26020080,26020085,"H4, DMSO 24 h",0.6951069832
chr6,26020085,26020090,"H4, DMSO 24 h",0.7626929879
chr6,26020090,26020095,"H4, DMSO 24 h",0.7626929879
chr6,26020095,26020100,"H4, DMSO 24 h",0.7626929879
chr6,26020100,26020105,"H4, DMSO 24 h",0.7626929879
chr6,26020105,26020110,"H4, DMSO 24 h",0.7626929879
chr6,26020110,26020115,"H4, DMSO 24 h",0.7626929879
chr6,26020115,26020120,"H4, DMSO 24 h",0.7626929879
chr6,26020120,26020125,"H4, DMSO 24 h",0.7626929879
chr6,26020125,26020130,"H4, DMSO 24 h",0.7626929879
chr6,26020130,26020135,"H4, DMSO 24 h",0.7626929879
chr6,26020135,26020140,"H4, DMSO 24 h",0.7626929879
chr6,26020140,26020145,"H4, DMSO 24 h",1.225059986
chr6,26020145,26020150,"H4, DMSO 24 h",1.64368999
chr6,26020150,26020155,"H4, DMSO 24 h",2.043580055
chr6,26020155,26020160,"H4, DMSO 24 h",2.70442009
chr6,26020160,26020165,"H4, DMSO 24 h",2.869630098
chr6,26020165,26020170,"H4, DMSO 24 h",2.869630098
chr6,26020170,26020175,"H4, DMSO 24 h",2.56972003
chr6,26020175,26020180,"H4, DMSO 24 h",2.97055006
chr6,26020180,26020185,"H4, DMSO 24 h",3.120739937
chr6,26020185,26020190,"H4, DMSO 24 h",3.120739937
chr6,26020190,26020195,"H4, DMSO 24 h",3.120739937
chr6,26020195,26020200,"H4, DMSO 24 h",3.120739937
chr6,26020200,26020205,"H4, DMSO 24 h",3.120739937
chr6,26020205,26020210,"H4, DMSO 24 h",3.391089916
chr6,26020210,26020215,"H4, DMSO 24 h",3.796600103
chr6,26020215,26020220,"H4, DMSO 24 h",3.796600103
chr6,26020220,26020225,"H4, DMSO 24 h",3.796600103
chr6,26020225,26020230,"H4, DMSO 24 h",3.796600103
chr6,26020230,26020235,"H4, DMSO 24 h",3.796600103
chr6,26020235,26020240,"H4, DMSO 24 h",3.796600103
chr6,26020240,26020245,"H4, DMSO 24 h",3.796600103
chr6,26020245,26020250,"H4, DMSO 24 h",3.796600103
chr6,26020250,26020255,"H4, DMSO 24 h",3.796600103
chr6,26020255,26020260,"H4, DMSO 24 h",3.796600103
chr6,26020260,26020265,"H4, DMSO 24 h",3.796600103
chr6,26020265,26020270,"H4, DMSO 24 h",3.796600103
chr6,26020270,26020275,"H4, DMSO 24 h",3.796600103
chr6,26020275,26020280,"H4, DMSO 24 h",3.796600103
chr6,26020280,26020285,"H4, DMSO 24 h",3.796600103
chr6,26020285,26020290,"H4, DMSO 24 h",3.796600103
chr6,26020290,26020295,"H4, DMSO 24 h",3.901619911
chr6,26020295,26020300,"H4, DMSO 24 h",3.927880049
chr6,26020300,26020305,"H4, DMSO 24 h",3.856509924
chr6,26020305,26020310,"H4, DMSO 24 h",4.671179771
chr6,26020310,26020315,"H4, DMSO 24 h",5.246009827
chr6,26020315,26020320,"H4, DMSO 24 h",5.246009827
chr6,26020320,26020325,"H4, DMSO 24 h",4.357470036
chr6,26020325,26020330,"H4, DMSO 24 h",4.287779808
chr6,26020330,26020335,"H4, DMSO 24 h",4.498050213
chr6,26020335,26020340,"H4, DMSO 24 h",4.858510017
chr6,26020340,26020345,"H4, DMSO 24 h",4.991159916
chr6,26020345,26020350,"H4, DMSO 24 h",6.191520214
chr6,26020350,26020355,"H4, DMSO 24 h",8.360090256
chr6,26020355,26020360,"H4, DMSO 24 h",9.39729023
chr6,26020360,26020365,"H4, DMSO 24 h",9.985899925
chr6,26020365,26020370,"H4, DMSO 24 h",10.25959969
chr6,26020370,26020375,"H4, DMSO 24 h",10.46990013
chr6,26020375,26020380,"H4, DMSO 24 h",10.98770046
chr6,26020380,26020385,"H4, DMSO 24 h",10.97270012
chr6,26020385,26020390,"H4, DMSO 24 h",12.09739971
chr6,26020390,26020395,"H4, DMSO 24 h",12.11610031
chr6,26020395,26020400,"H4, DMSO 24 h",12.3409996
chr6,26020400,26020405,"H4, DMSO 24 h",11.98379993
chr6,26020405,26020410,"H4, DMSO 24 h",12.12129974
chr6,26020410,26020415,"H4, DMSO 24 h",13.26739979
chr6,26020415,26020420,"H4, DMSO 24 h",12.34529972
chr6,26020420,26020425,"H4, DMSO 24 h",13.40799999
chr6,26020425,26020430,"H4, DMSO 24 h",13.40799999
chr6,26020430,26020435,"H4, DMSO 24 h",13.25809956
chr6,26020435,26020440,"H4, DMSO 24 h",12.63319969
chr6,26020440,26020445,"H4, DMSO 24 h",12.85809994
chr6,26020445,26020450,"H4, DMSO 24 h",11.98890018
chr6,26020450,26020455,"H4, DMSO 24 h",11.96389961
chr6,26020455,26020460,"H4, DMSO 24 h",13.81389999
chr6,26020460,26020465,"H4, DMSO 24 h",12.6026001
chr6,26020465,26020470,"H4, DMSO 24 h",12.48250008
chr6,26020470,26020475,"H4, DMSO 24 h",10.43410015
chr6,26020475,26020480,"H4, DMSO 24 h",9.068570137
chr6,26020480,26020485,"H4, DMSO 24 h",9.068570137
chr6,26020485,26020490,"H4, DMSO 24 h",9.068570137
chr6,26020490,26020495,"H4, DMSO 24 h",9.068570137
chr6,26020495,26020500,"H4, DMSO 24 h",9.068570137
chr6,26020500,26020505,"H4, DMSO 24 h",9.267700195
chr6,26020505,26020510,"H4, DMSO 24 h",8.542880058
chr6,26020510,26020515,"H4, DMSO 24 h",7.449450016
chr6,26020515,26020520,"H4, DMSO 24 h",7.449450016
chr6,26020520,26020525,"H4, DMSO 24 h",7.395689964
chr6,26020525,26020530,"H4, DMSO 24 h",6.94946003
chr6,26020530,26020535,"H4, DMSO 24 h",6.063650131
chr6,26020535,26020540,"H4, DMSO 24 h",5.370100021
chr6,26020540,26020545,"H4, DMSO 24 h",5.370100021
chr6,26020545,26020550,"H4, DMSO 24 h",5.370100021
chr6,26020550,26020555,"H4, DMSO 24 h",5.370100021
chr6,26020555,26020560,"H4, DMSO 24 h",5.370100021
chr6,26020560,26020565,"H4, DMSO 24 h",4.407869816
chr6,26020565,26020570,"H4, DMSO 24 h",2.964529991
chr6,26020570,26020575,"H4, DMSO 24 h",2.9270401
chr6,26020575,26020580,"H4, DMSO 24 h",1.887050033
chr6,26020580,26020585,"H4, DMSO 24 h",1.781909943
chr6,26020585,26020590,"H4, DMSO 24 h",1.781909943
chr6,26020590,26020595,"H4, DMSO 24 h",2.188050032
chr6,26020595,26020600,"H4, DMSO 24 h",2.281769991
chr6,26020600,26020605,"H4, DMSO 24 h",2.281769991
chr6,26020605,26020610,"H4, DMSO 24 h",2.281769991
chr6,26020610,26020615,"H4, DMSO 24 h",2.281769991
chr6,26020615,26020620,"H4, DMSO 24 h",2.281769991
chr6,26020620,26020625,"H4, DMSO 24 h",2.281769991
chr6,26020625,26020630,"H4, DMSO 24 h",2.281769991
chr6,26020630,26020635,"H4, DMSO 24 h",2.281769991
chr6,26020635,26020640,"H4, DMSO 24 h",2.281769991
chr6,26020640,26020645,"H4, DMSO 24 h",2.281769991
chr6,26020645,26020650,"H4, DMSO 24 h",2.362999916
chr6,26020650,26020655,"H4, DMSO 24 h",3.112780094
chr6,26020655,26020660,"H4, DMSO 24 h",3.113869905
chr6,26020660,26020665,"H4, DMSO 24 h",3.356050014
chr6,26020665,26020670,"H4, DMSO 24 h",2.924920082
chr6,26020670,26020675,"H4, DMSO 24 h",2.924920082
chr6,26020675,26020680,"H4, DMSO 24 h",2.924920082
chr6,26020680,26020685,"H4, DMSO 24 h",2.924920082
chr6,26020685,26020690,"H4, DMSO 24 h",2.849950075
chr6,26020690,26020695,"H4, DMSO 24 h",2.706239939
chr6,26020695,26020700,"H4, DMSO 24 h",2.676199913
chr6,26020700,26020705,"H4, DMSO 24 h",2.668689966
chr6,26020705,26020710,"H4, DMSO 24 h",2.668689966
chr6,26020710,26020715,"H4, DMSO 24 h",2.668689966
chr6,26020715,26020720,"H4, DMSO 24 h",2.841409922
chr6,26020720,26020725,"H4, DMSO 24 h",3.532299995
chr6,26020725,26020730,"H4, DMSO 24 h",3.532299995
chr6,26020730,26020735,"H4, DMSO 24 h",3.532299995
chr6,26020735,26020740,"H4, DMSO 24 h",3.532299995
chr6,26020740,26020745,"H4, DMSO 24 h",3.532299995
chr6,26020745,26020750,"H4, DMSO 24 h",3.532299995
chr6,26020750,26020755,"H4, DMSO 24 h",3.532299995
chr6,26020755,26020760,"H4, DMSO 24 h",2.932470083
chr6,26020760,26020765,"H4, DMSO 24 h",2.532589912
chr6,26020765,26020770,"H4, DMSO 24 h",2.532589912
chr6,26020770,26020775,"H4, DMSO 24 h",2.526340008
chr6,26020775,26020780,"H4, DMSO 24 h",2.501349926
chr6,26020780,26020785,"H4, DMSO 24 h",2.976330042
chr6,26020785,26020790,"H4, DMSO 24 h",3.238219976
chr6,26020790,26020795,"H4, DMSO 24 h",3.238219976
chr6,26020795,26020800,"H4, DMSO 24 h",4.079299927
chr6,26020800,26020805,"H4, DMSO 24 h",5.303359985
chr6,26020805,26020810,"H4, DMSO 24 h",5.312139988
chr6,26020810,26020815,"H4, DMSO 24 h",5.309679985
chr6,26020815,26020820,"H4, DMSO 24 h",5.697060108
chr6,26020820,26020825,"H4, DMSO 24 h",5.747049809
chr6,26020825,26020830,"H4, DMSO 24 h",6.871729851
chr6,26020830,26020835,"H4, DMSO 24 h",7.933919907
chr6,26020835,26020840,"H4, DMSO 24 h",7.990149975
chr6,26020840,26020845,"H4, DMSO 24 h",9.80714035
chr6,26020845,26020850,"H4, DMSO 24 h",9.955220222
chr6,26020850,26020855,"H4, DMSO 24 h",9.580329895
chr6,26020855,26020860,"H4, DMSO 24 h",9.380390167
chr6,26020860,26020865,"H4, DMSO 24 h",8.588129997
chr6,26020865,26020870,"H4, DMSO 24 h",7.544270039
chr6,26020870,26020875,"H4, DMSO 24 h",6.703199863
chr6,26020875,26020880,"H4, DMSO 24 h",6.703199863
chr6,26020880,26020885,"H4, DMSO 24 h",7.820660114
chr6,26020885,26020890,"H4, DMSO 24 h",9.054229736
chr6,26020890,26020895,"H4, DMSO 24 h",8.422039986
chr6,26020895,26020900,"H4, DMSO 24 h",9.50924015
chr6,26020900,26020905,"H4, DMSO 24 h",9.796660423
chr6,26020905,26020910,"H4, DMSO 24 h",9.796660423
chr6,26020910,26020915,"H4, DMSO 24 h",10.4048996
chr6,26020915,26020920,"H4, DMSO 24 h",10.81050014
chr6,26020920,26020925,"H4, DMSO 24 h",11.21660042
chr6,26020925,26020930,"H4, DMSO 24 h",11.02289963
chr6,26020930,26020935,"H4, DMSO 24 h",9.517069817
chr6,26020935,26020940,"H4, DMSO 24 h",8.842049599
chr6,26020940,26020945,"H4, DMSO 24 h",8.896670341
chr6,26020945,26020950,"H4, DMSO 24 h",8.235830307
chr6,26020950,26020955,"H4, DMSO 24 h",8.070610046
chr6,26020955,26020960,"H4, DMSO 24 h",7.676980019
chr6,26020960,26020965,"H4, DMSO 24 h",7.82694006
chr6,26020965,26020970,"H4, DMSO 24 h",8.445520401
chr6,26020970,26020975,"H4, DMSO 24 h",8.445520401
chr6,26020975,26020980,"H4, DMSO 24 h",8.445520401
chr6,26020980,26020985,"H4, DMSO 24 h",8.445520401
chr6,26020985,26020990,"H4, DMSO 24 h",7.970630169
chr6,26020990,26020995,"H4, DMSO 24 h",7.427050114
chr6,26020995,26021000,"H4, DMSO 24 h",7.320829868
chr6,26021000,26021005,"H4, DMSO 24 h",7.320829868
chr6,26021005,26021010,"H4, DMSO 24 h",7.320829868
chr6,26021010,26021015,"H4, DMSO 24 h",7.320829868
chr6,26021015,26021020,"H4, DMSO 24 h",7.320829868
chr6,26021020,26021025,"H4, DMSO 24 h",7.633240223
chr6,26021025,26021030,"H4, DMSO 24 h",8.860329628
chr6,26021030,26021035,"H4, DMSO 24 h",9.040559769
chr6,26021035,26021040,"H4, DMSO 24 h",8.432279587
chr6,26021040,26021045,"H4, DMSO 24 h",8.026760101
chr6,26021045,26021050,"H4, DMSO 24 h",8.026760101
chr6,26021050,26021055,"H4, DMSO 24 h",8.026760101
chr6,26021055,26021060,"H4, DMSO 24 h",8.026760101
chr6,26021060,26021065,"H4, DMSO 24 h",7.305840015
chr6,26021065,26021070,"H4, DMSO 24 h",7.125609875
chr6,26021070,26021075,"H4, DMSO 24 h",6.945380211
chr6,26021075,26021080,"H4, DMSO 24 h",4.194990158
chr6,26021080,26021085,"H4, DMSO 24 h",3.725169897
chr6,26021085,26021090,"H4, DMSO 24 h",3.725169897
chr6,26021090,26021095,"H4, DMSO 24 h",3.937609911
chr6,26021095,26021100,"H4, DMSO 24 h",5.658480167
chr6,26021100,26021105,"H4, DMSO 24 h",5.438650131
chr6,26021105,26021110,"H4, DMSO 24 h",4.969970226
chr6,26021110,26021115,"H4, DMSO 24 h",4.969970226
chr6,26021115,26021120,"H4, DMSO 24 h",4.969970226
chr6,26021120,26021125,"H4, DMSO 24 h",4.969970226
chr6,26021125,26021130,"H4, DMSO 24 h",4.969970226
chr6,26021130,26021135,"H4, DMSO 24 h",5.082620144
chr6,26021135,26021140,"H4, DMSO 24 h",5.564439774
chr6,26021140,26021145,"H4, DMSO 24 h",6.519179821
chr6,26021145,26021150,"H4, DMSO 24 h",8.031459808
chr6,26021150,26021155,"H4, DMSO 24 h",7.266180038
chr6,26021155,26021160,"H4, DMSO 24 h",6.598889828
chr6,26021160,26021165,"H4, DMSO 24 h",6.073629856
chr6,26021165,26021170,"H4, DMSO 24 h",5.022369862
chr6,26021170,26021175,"H4, DMSO 24 h",4.385059834
chr6,26021175,26021180,"H4, DMSO 24 h",4.385059834
chr6,26021180,26021185,"H4, DMSO 24 h",4.103889942
chr6,26021185,26021190,"H4, DMSO 24 h",4.103889942
chr6,26021190,26021195,"H4, DMSO 24 h",4.241350174
chr6,26021195,26021200,"H4, DMSO 24 h",4.87127018
chr6,26021200,26021205,"H4, DMSO 24 h",4.943779945
chr6,26021205,26021210,"H4, DMSO 24 h",5.778520107
chr6,26021210,26021215,"H4, DMSO 24 h",6.122169971
chr6,26021215,26021220,"H4, DMSO 24 h",6.647019863
chr6,26021220,26021225,"H4, DMSO 24 h",6.827260017
chr6,26021225,26021230,"H4, DMSO 24 h",7.339169979
chr6,26021230,26021235,"H4, DMSO 24 h",7.910510063
chr6,26021235,26021240,"H4, DMSO 24 h",5.989789963
chr6,26021240,26021245,"H4, DMSO 24 h",5.794539928
chr6,26021245,26021250,"H4, DMSO 24 h",6.296120167
chr6,26021250,26021255,"H4, DMSO 24 h",8.272439957
chr6,26021255,26021260,"H4, DMSO 24 h",8.447389603
chr6,26021260,26021265,"H4, DMSO 24 h",8.691069603
chr6,26021265,26021270,"H4, DMSO 24 h",9.022199631
chr6,26021270,26021275,"H4, DMSO 24 h",9.022199631
chr6,26021275,26021280,"H4, DMSO 24 h",10.83829975
chr6,26021280,26021285,"H4, DMSO 24 h",11.63599968
chr6,26021285,26021290,"H4, DMSO 24 h",11.63599968
chr6,26021290,26021295,"H4, DMSO 24 h",11.63599968
chr6,26021295,26021300,"H4, DMSO 24 h",11.90629959
chr6,26021300,26021305,"H4, DMSO 24 h",12.55959988
chr6,26021305,26021310,"H4, DMSO 24 h",13.10029984
chr6,26021310,26021315,"H4, DMSO 24 h",13.39949989
chr6,26021315,26021320,"H4, DMSO 24 h",13.58689976
chr6,26021320,26021325,"H4, DMSO 24 h",14.03680038
chr6,26021325,26021330,"H4, DMSO 24 h",15.50080013
chr6,26021330,26021335,"H4, DMSO 24 h",15.50080013
chr6,26021335,26021340,"H4, DMSO 24 h",15.50080013
chr6,26021340,26021345,"H4, DMSO 24 h",15.50080013
chr6,26021345,26021350,"H4, DMSO 24 h",15.50080013
chr6,26021350,26021355,"H4, DMSO 24 h",15.50080013
chr6,26021355,26021360,"H4, DMSO 24 h",15.77569962
chr6,26021360,26021365,"H4, DMSO 24 h",15.84440041
chr6,26021365,26021370,"H4, DMSO 24 h",15.98190022
chr6,26021370,26021375,"H4, DMSO 24 h",16.53170013
chr6,26021375,26021380,"H4, DMSO 24 h",16.53170013
chr6,26021380,26021385,"H4, DMSO 24 h",17.04400063
chr6,26021385,26021390,"H4, DMSO 24 h",16.33180046
chr6,26021390,26021395,"H4, DMSO 24 h",15.93809986
chr6,26021395,26021400,"H4, DMSO 24 h",17.18400002
chr6,26021400,26021405,"H4, DMSO 24 h",19.39649963
chr6,26021405,26021410,"H4, DMSO 24 h",19.93779945
chr6,26021410,26021415,"H4, DMSO 24 h",20.44120026
chr6,26021415,26021420,"H4, DMSO 24 h",20.83040047
chr6,26021420,26021425,"H4, DMSO 24 h",20.03689957
chr6,26021425,26021430,"H4, DMSO 24 h",18.6996994
chr6,26021430,26021435,"H4, DMSO 24 h",19.03089905
chr6,26021435,26021440,"H4, DMSO 24 h",19.91189957
chr6,26021440,26021445,"H4, DMSO 24 h",22.38010025
chr6,26021445,26021450,"H4, DMSO 24 h",30.01499939
chr6,26021450,26021455,"H4, DMSO 24 h",33.23450089
chr6,26021455,26021460,"H4, DMSO 24 h",33.90499878
chr6,26021460,26021465,"H4, DMSO 24 h",33.51470184
chr6,26021465,26021470,"H4, DMSO 24 h",34.75989914
chr6,26021470,26021475,"H4, DMSO 24 h",37.10620117
chr6,26021475,26021480,"H4, DMSO 24 h",37.31510162
chr6,26021480,26021485,"H4, DMSO 24 h",40.81359863
chr6,26021485,26021490,"H4, DMSO 24 h",42.27909851
chr6,26021490,26021495,"H4, DMSO 24 h",41.71829987
chr6,26021495,26021500,"H4, DMSO 24 h",40.14929962
chr6,26021500,26021505,"H4, DMSO 24 h",39.76330185
chr6,26021505,26021510,"H4, DMSO 24 h",40.22439957
chr6,26021510,26021515,"H4, DMSO 24 h",40.23699951
chr6,26021515,26021520,"H4, DMSO 24 h",41.16469955
chr6,26021520,26021525,"H4, DMSO 24 h",39.25059891
chr6,26021525,26021530,"H4, DMSO 24 h",42.71039963
chr6,26021530,26021535,"H4, DMSO 24 h",40.37229919
chr6,26021535,26021540,"H4, DMSO 24 h",39.48720169
chr6,26021540,26021545,"H4, DMSO 24 h",42.63589859
chr6,26021545,26021550,"H4, DMSO 24 h",44.63909912
chr6,26021550,26021555,"H4, DMSO 24 h",41.16640091
chr6,26021555,26021560,"H4, DMSO 24 h",40.11539841
chr6,26021560,26021565,"H4, DMSO 24 h",40.60820007
chr6,26021565,26021570,"H4, DMSO 24 h",39.34780121
chr6,26021570,26021575,"H4, DMSO 24 h",39.30210114
chr6,26021575,26021580,"H4, DMSO 24 h",40.10599899
chr6,26021580,26021585,"H4, DMSO 24 h",40.32939911
chr6,26021585,26021590,"H4, DMSO 24 h",40.66600037
chr6,26021590,26021595,"H4, DMSO 24 h",37.32080078
chr6,26021595,26021600,"H4, DMSO 24 h",35.81330109
chr6,26021600,26021605,"H4, DMSO 24 h",30.88120079
chr6,26021605,26021610,"H4, DMSO 24 h",30.66740036
chr6,26021610,26021615,"H4, DMSO 24 h",31.42650032
chr6,26021615,26021620,"H4, DMSO 24 h",30.09009933
chr6,26021620,26021625,"H4, DMSO 24 h",28.6201992
chr6,26021625,26021630,"H4, DMSO 24 h",26.06780052
chr6,26021630,26021635,"H4, DMSO 24 h",26.12789917
chr6,26021635,26021640,"H4, DMSO 24 h",26.33819962
chr6,26021640,26021645,"H4, DMSO 24 h",26.33819962
chr6,26021645,26021650,"H4, DMSO 24 h",25.58209991
chr6,26021650,26021655,"H4, DMSO 24 h",25.13940048
chr6,26021655,26021660,"H4, DMSO 24 h",25.50359917
chr6,26021660,26021665,"H4, DMSO 24 h",24.15500069
chr6,26021665,26021670,"H4, DMSO 24 h",23.88400078
chr6,26021670,26021675,"H4, DMSO 24 h",23.21509933
chr6,26021675,26021680,"H4, DMSO 24 h",23.24239922
chr6,26021680,26021685,"H4, DMSO 24 h",23.3932991
chr6,26021685,26021690,"H4, DMSO 24 h",21.81170082
chr6,26021690,26021695,"H4, DMSO 24 h",19.91769981
chr6,26021695,26021700,"H4, DMSO 24 h",18.87739944
chr6,26021700,26021705,"H4, DMSO 24 h",15.55879974
chr6,26021705,26021710,"H4, DMSO 24 h",15.28989983
chr6,26021710,26021715,"H4, DMSO 24 h",16.52079964
chr6,26021715,26021720,"H4, DMSO 24 h",15.69750023
chr6,26021720,26021725,"H4, DMSO 24 h",13.18299961
chr6,26021725,26021730,"H4, DMSO 24 h",11.7887001
chr6,26021730,26021735,"H4, DMSO 24 h",10.22659969
chr6,26021735,26021740,"H4, DMSO 24 h",10.32660007
chr6,26021740,26021745,"H4, DMSO 24 h",9.133150101
chr6,26021745,26021750,"H4, DMSO 24 h",8.5145998
chr6,26021750,26021755,"H4, DMSO 24 h",8.537130356
chr6,26021755,26021760,"H4, DMSO 24 h",9.421170235
chr6,26021760,26021765,"H4, DMSO 24 h",9.54613018
chr6,26021765,26021770,"H4, DMSO 24 h",9.576169968
chr6,26021770,26021775,"H4, DMSO 24 h",9.583680153
chr6,26021775,26021780,"H4, DMSO 24 h",7.902919769
chr6,26021780,26021785,"H4, DMSO 24 h",7.709219933
chr6,26021785,26021790,"H4, DMSO 24 h",7.396339893
chr6,26021790,26021795,"H4, DMSO 24 h",7.25744009
chr6,26021795,26021800,"H4, DMSO 24 h",7.34005022
chr6,26021800,26021805,"H4, DMSO 24 h",7.060080051
chr6,26021805,26021810,"H4, DMSO 24 h",6.415070057
chr6,26021810,26021815,"H4, DMSO 24 h",5.55907011
chr6,26021815,26021820,"H4, DMSO 24 h",5.382359982
chr6,26021820,26021825,"H4, DMSO 24 h",4.826650143
chr6,26021825,26021830,"H4, DMSO 24 h",4.23511982
chr6,26021830,26021835,"H4, DMSO 24 h",4.19012022
chr6,26021835,26021840,"H4, DMSO 24 h",4.084990025
chr6,26021840,26021845,"H4, DMSO 24 h",4.452960014
chr6,26021845,26021850,"H4, DMSO 24 h",4.340489864
chr6,26021850,26021855,"H4, DMSO 24 h",5.226749897
chr6,26021855,26021860,"H4, DMSO 24 h",5.467050076
chr6,26021860,26021865,"H4, DMSO 24 h",5.467050076
chr6,26021865,26021870,"H4, DMSO 24 h",5.054029942
chr6,26021870,26021875,"H4, DMSO 24 h",5.054029942
chr6,26021875,26021880,"H4, DMSO 24 h",4.896319866
chr6,26021880,26021885,"H4, DMSO 24 h",5.07777977
chr6,26021885,26021890,"H4, DMSO 24 h",5.557199955
chr6,26021890,26021895,"H4, DMSO 24 h",6.284689903
chr6,26021895,26021900,"H4, DMSO 24 h",6.67208004
chr6,26021900,26021905,"H4, DMSO 24 h",6.497129917
chr6,26021905,26021910,"H4, DMSO 24 h",6.259809971
chr6,26021910,26021915,"H4, DMSO 24 h",6.528600216
chr6,26021915,26021920,"H4, DMSO 24 h",6.947700024
chr6,26021920,26021925,"H4, DMSO 24 h",6.872600079
chr6,26021925,26021930,"H4, DMSO 24 h",7.165480137
chr6,26021930,26021935,"H4, DMSO 24 h",7.791920185
chr6,26021935,26021940,"H4, DMSO 24 h",7.280320168
chr6,26021940,26021945,"H4, DMSO 24 h",7.452390194
chr6,26021945,26021950,"H4, DMSO 24 h",7.702320099
chr6,26021950,26021955,"H4, DMSO 24 h",7.733560085
chr6,26021955,26021960,"H4, DMSO 24 h",7.733560085
chr6,26021960,26021965,"H4, DMSO 24 h",7.346169949
chr6,26021965,26021970,"H4, DMSO 24 h",6.652329922
chr6,26021970,26021975,"H4, DMSO 24 h",6.665070057
chr6,26021975,26021980,"H4, DMSO 24 h",6.665070057
chr6,26021980,26021985,"H4, DMSO 24 h",6.665070057
chr6,26021985,26021990,"H4, DMSO 24 h",6.665070057
chr6,26021990,26021995,"H4, DMSO 24 h",6.620009899
chr6,26021995,26022000,"H4, DMSO 24 h",6.59747982
chr6,26022000,26022005,"H4, DMSO 24 h",6.627510071
chr6,26022005,26022010,"H4, DMSO 24 h",6.627510071
chr6,26022010,26022015,"H4, DMSO 24 h",6.627510071
chr6,26022015,26022020,"H4, DMSO 24 h",6.417250156
chr6,26022020,26022025,"H4, DMSO 24 h",6.101850033
chr6,26022025,26022030,"H4, DMSO 24 h",5.883160114
chr6,26022030,26022035,"H4, DMSO 24 h",5.883160114
chr6,26022035,26022040,"H4, DMSO 24 h",7.272429943
chr6,26022040,26022045,"H4, DMSO 24 h",6.747580051
chr6,26022045,26022050,"H4, DMSO 24 h",6.397679806
chr6,26022050,26022055,"H4, DMSO 24 h",6.285210133
chr6,26022055,26022060,"H4, DMSO 24 h",6.210229874
chr6,26022060,26022065,"H4, DMSO 24 h",6.210229874
chr6,26022065,26022070,"H4, DMSO 24 h",6.210229874
chr6,26022070,26022075,"H4, DMSO 24 h",5.797850132
chr6,26022075,26022080,"H4, DMSO 24 h",4.904359818
chr6,26022080,26022085,"H4, DMSO 24 h",4.773139954
chr6,26022085,26022090,"H4, DMSO 24 h",4.773139954
chr6,26022090,26022095,"H4, DMSO 24 h",4.497759819
chr6,26022095,26022100,"H4, DMSO 24 h",4.460149765
chr6,26022100,26022105,"H4, DMSO 24 h",4.460149765
chr6,26022105,26022110,"H4, DMSO 24 h",4.460149765
chr6,26022110,26022115,"H4, DMSO 24 h",4.460149765
chr6,26022115,26022120,"H4, DMSO 24 h",4.850769997
chr6,26022120,26022125,"H4, DMSO 24 h",5.49917984
chr6,26022125,26022130,"H4, DMSO 24 h",5.49917984
chr6,26022130,26022135,"H4, DMSO 24 h",5.116189957
chr6,26022135,26022140,"H4, DMSO 24 h",4.860859871
chr6,26022140,26022145,"H4, DMSO 24 h",4.860859871
chr6,26022145,26022150,"H4, DMSO 24 h",4.860859871
chr6,26022150,26022155,"H4, DMSO 24 h",4.860859871
chr6,26022155,26022160,"H4, DMSO 24 h",4.860859871
chr6,26022160,26022165,"H4, DMSO 24 h",4.860859871
chr6,26022165,26022170,"H4, DMSO 24 h",4.860859871
chr6,26022170,26022175,"H4, DMSO 24 h",4.860859871
chr6,26022175,26022180,"H4, DMSO 24 h",4.860859871
chr6,26022180,26022185,"H4, DMSO 24 h",4.860859871
chr6,26022185,26022190,"H4, DMSO 24 h",4.740699768
chr6,26022190,26022195,"H4, DMSO 24 h",4.372729778
chr6,26022195,26022200,"H4, DMSO 24 h",4.372729778
chr6,26022200,26022205,"H4, DMSO 24 h",5.153729916
chr6,26022205,26022210,"H4, DMSO 24 h",5.34897995
chr6,26022210,26022215,"H4, DMSO 24 h",5.317739964
chr6,26022215,26022220,"H4, DMSO 24 h",5.039889812
chr6,26022220,26022225,"H4, DMSO 24 h",3.928469896
chr6,26022225,26022230,"H4, DMSO 24 h",3.928469896
chr6,26022230,26022235,"H4, DMSO 24 h",3.928469896
chr6,26022235,26022240,"H4, DMSO 24 h",3.928469896
chr6,26022240,26022245,"H4, DMSO 24 h",3.928469896
chr6,26022245,26022250,"H4, DMSO 24 h",3.928469896
chr6,26022250,26022255,"H4, DMSO 24 h",3.928469896
chr6,26022255,26022260,"H4, DMSO 24 h",3.928469896
chr6,26022260,26022265,"H4, DMSO 24 h",4.686880112
chr6,26022265,26022270,"H4, DMSO 24 h",5.9134202
chr6,26022270,26022275,"H4, DMSO 24 h",6.306570053
chr6,26022275,26022280,"H4, DMSO 24 h",6.175360203
chr6,26022280,26022285,"H4, DMSO 24 h",6.119130135
chr6,26022285,26022290,"H4, DMSO 24 h",5.353479862
chr6,26022290,26022295,"H4, DMSO 24 h",5.143320084
chr6,26022295,26022300,"H4, DMSO 24 h",7.317989826
chr6,26022300,26022305,"H4, DMSO 24 h",8.253239632
chr6,26022305,26022310,"H4, DMSO 24 h",8.59292984
chr6,26022310,26022315,"H4, DMSO 24 h",8.505459785
chr6,26022315,26022320,"H4, DMSO 24 h",8.913729668
chr6,26022320,26022325,"H4, DMSO 24 h",8.192799568
chr6,26022325,26022330,"H4, DMSO 24 h",7.611740112
chr6,26022330,26022335,"H4, DMSO 24 h",7.466479778
chr6,26022335,26022340,"H4, DMSO 24 h",6.264939785
chr6,26022340,26022345,"H4, DMSO 24 h",6.264939785
chr6,26022345,26022350,"H4, DMSO 24 h",6.814780235
chr6,26022350,26022355,"H4, DMSO 24 h",6.921010017
chr6,26022355,26022360,"H4, DMSO 24 h",6.183710098
chr6,26022360,26022365,"H4, DMSO 24 h",4.984059811
chr6,26022365,26022370,"H4, DMSO 24 h",4.984059811
chr6,26022370,26022375,"H4, DMSO 24 h",3.557229996
chr6,26022375,26022380,"H4, DMSO 24 h",2.577460051
chr6,26022380,26022385,"H4, DMSO 24 h",1.81201005
chr6,26022385,26022390,"H4, DMSO 24 h",1.03125
chr6,26022390,26022395,"H4, DMSO 24 h",1.03125
chr6,26022395,26022400,"H4, DMSO 24 h",1.331159949
chr6,26022400,26022405,"H4, DMSO 24 h",1.40613997
chr6,26022405,26022410,"H4, DMSO 24 h",1.40613997
chr6,26022410,26022415,"H4, DMSO 24 h",1.40613997
chr6,26022415,26022420,"H4, DMSO 24 h",1.40613997
chr6,26022420,26022425,"H4, DMSO 24 h",1.40613997
chr6,26022425,26022430,"H4, DMSO 24 h",1.40613997
chr6,26022430,26022435,"H4, DMSO 24 h",1.40613997
chr6,26022435,26022440,"H4, DMSO 24 h",1.40613997
chr6,26022440,26022445,"H4, DMSO 24 h",1.40613997
chr6,26022445,26022450,"H4, DMSO 24 h",1.40613997
chr6,26022450,26022455,"H4, DMSO 24 h",1.451200008
chr6,26022455,26022460,"H4, DMSO 24 h",1.63143003
chr6,26022460,26022465,"H4, DMSO 24 h",1.63143003
chr6,26022465,26022470,"H4, DMSO 24 h",1.63143003
chr6,26022470,26022475,"H4, DMSO 24 h",1.63143003
chr6,26022475,26022480,"H4, DMSO 24 h",1.63143003
chr6,26022480,26022485,"H4, DMSO 24 h",1.811660051
chr6,26022485,26022490,"H4, DMSO 24 h",2.082010031
chr6,26022490,26022495,"H4, DMSO 24 h",2.082010031
chr6,26022495,26022500,"H4, DMSO 24 h",1.944550037
chr6,26022500,26022505,"H4, DMSO 24 h",1.39470005
chr6,26022505,26022510,"H4, DMSO 24 h",1.39470005
chr6,26022510,26022515,"H4, DMSO 24 h",1.39470005
chr6,26022515,26022520,"H4, DMSO 24 h",1.39470005
chr6,26022520,26022525,"H4, DMSO 24 h",1.39470005
chr6,26022525,26022530,"H4, DMSO 24 h",1.444689989
chr6,26022530,26022535,"H4, DMSO 24 h",1.457190037
chr6,26022535,26022540,"H4, DMSO 24 h",1.457190037
chr6,26022540,26022545,"H4, DMSO 24 h",1.457190037
chr6,26022545,26022550,"H4, DMSO 24 h",1.457190037
chr6,26022550,26022555,"H4, DMSO 24 h",1.370679975
chr6,26022555,26022560,"H4, DMSO 24 h",1.100329995
chr6,26022560,26022565,"H4, DMSO 24 h",1.100329995
chr6,26022565,26022570,"H4, DMSO 24 h",1.100329995
chr6,26022570,26022575,"H4, DMSO 24 h",0.8004180193
chr6,26022575,26022580,"H4, DMSO 24 h",0.7254390121
chr6,26022580,26022585,"H4, DMSO 24 h",0.7254390121
chr6,26022585,26022590,"H4, DMSO 24 h",0.7254390121
chr6,26022590,26022595,"H4, DMSO 24 h",0.5376989841
chr6,26022595,26022600,"H4, DMSO 24 h",0.5376989841
chr6,26022600,26022605,"H4, DMSO 24 h",0.6751589775
chr6,26022605,26022610,"H4, DMSO 24 h",0.8813480139
chr6,26022610,26022615,"H4, DMSO 24 h",0.8813480139
chr6,26022615,26022620,"H4, DMSO 24 h",0.8813480139
chr6,26022620,26022625,"H4, DMSO 24 h",0.8813480139
chr6,26022625,26022630,"H4, DMSO 24 h",2.43091011
chr6,26022630,26022635,"H4, DMSO 24 h",2.59961009
chr6,26022635,26022640,"H4, DMSO 24 h",2.59961009
chr6,26022640,26022645,"H4, DMSO 24 h",2.59961009
chr6,26022645,26022650,"H4, DMSO 24 h",2.83246994
chr6,26019400,26019405,"PRO-seq, control",0
chr6,26019405,26019410,"PRO-seq, control",0
chr6,26019410,26019415,"PRO-seq, control",0
chr6,26019415,26019420,"PRO-seq, control",0
chr6,26019420,26019425,"PRO-seq, control",0
chr6,26019425,26019430,"PRO-seq, control",0
chr6,26019430,26019435,"PRO-seq, control",0
chr6,26019435,26019440,"PRO-seq, control",0
chr6,26019440,26019445,"PRO-seq, control",0
chr6,26019445,26019450,"PRO-seq, control",0
chr6,26019450,26019455,"PRO-seq, control",0
chr6,26019455,26019460,"PRO-seq, control",0
chr6,26019460,26019465,"PRO-seq, control",0
chr6,26019465,26019470,"PRO-seq, control",0
chr6,26019470,26019475,"PRO-seq, control",0
chr6,26019475,26019480,"PRO-seq, control",0
chr6,26019480,26019485,"PRO-seq, control",0
chr6,26019485,26019490,"PRO-seq, control",0
chr6,26019490,26019495,"PRO-seq, control",0
chr6,26019495,26019500,"PRO-seq, control",0
chr6,26019500,26019505,"PRO-seq, control",0
chr6,26019505,26019510,"PRO-seq, control",0
chr6,26019510,26019515,"PRO-seq, control",0
chr6,26019515,26019520,"PRO-seq, control",0
chr6,26019520,26019525,"PRO-seq, control",0
chr6,26019525,26019530,"PRO-seq, control",0
chr6,26019530,26019535,"PRO-seq, control",0
chr6,26019535,26019540,"PRO-seq, control",0
chr6,26019540,26019545,"PRO-seq, control",0
chr6,26019545,26019550,"PRO-seq, control",0
chr6,26019550,26019555,"PRO-seq, control",0
chr6,26019555,26019560,"PRO-seq, control",0
chr6,26019560,26019565,"PRO-seq, control",0
chr6,26019565,26019570,"PRO-seq, control",0
chr6,26019570,26019575,"PRO-seq, control",0
chr6,26019575,26019580,"PRO-seq, control",0
chr6,26019580,26019585,"PRO-seq, control",0
chr6,26019585,26019590,"PRO-seq, control",0
chr6,26019590,26019595,"PRO-seq, control",0
chr6,26019595,26019600,"PRO-seq, control",0
chr6,26019600,26019605,"PRO-seq, control",0
chr6,26019605,26019610,"PRO-seq, control",0
chr6,26019610,26019615,"PRO-seq, control",0
chr6,26019615,26019620,"PRO-seq, control",0
chr6,26019620,26019625,"PRO-seq, control",0
chr6,26019625,26019630,"PRO-seq, control",0
chr6,26019630,26019635,"PRO-seq, control",0
chr6,26019635,26019640,"PRO-seq, control",0
chr6,26019640,26019645,"PRO-seq, control",0
chr6,26019645,26019650,"PRO-seq, control",0
chr6,26019650,26019655,"PRO-seq, control",0
chr6,26019655,26019660,"PRO-seq, control",0
chr6,26019660,26019665,"PRO-seq, control",0
chr6,26019665,26019670,"PRO-seq, control",0
chr6,26019670,26019675,"PRO-seq, control",0
chr6,26019675,26019680,"PRO-seq, control",0
chr6,26019680,26019685,"PRO-seq, control",0
chr6,26019685,26019690,"PRO-seq, control",0
chr6,26019690,26019695,"PRO-seq, control",0
chr6,26019695,26019700,"PRO-seq, control",0
chr6,26019700,26019705,"PRO-seq, control",0
chr6,26019705,26019710,"PRO-seq, control",0
chr6,26019710,26019715,"PRO-seq, control",0
chr6,26019715,26019720,"PRO-seq, control",0
chr6,26019720,26019725,"PRO-seq, control",0
chr6,26019725,26019730,"PRO-seq, control",0
chr6,26019730,26019735,"PRO-seq, control",0
chr6,26019735,26019740,"PRO-seq, control",0
chr6,26019740,26019745,"PRO-seq, control",0
chr6,26019745,26019750,"PRO-seq, control",0
chr6,26019750,26019755,"PRO-seq, control",0
chr6,26019755,26019760,"PRO-seq, control",0
chr6,26019760,26019765,"PRO-seq, control",0
chr6,26019765,26019770,"PRO-seq, control",0
chr6,26019770,26019775,"PRO-seq, control",0
chr6,26019775,26019780,"PRO-seq, control",0
chr6,26019780,26019785,"PRO-seq, control",0
chr6,26019785,26019790,"PRO-seq, control",0
chr6,26019790,26019795,"PRO-seq, control",0
chr6,26019795,26019800,"PRO-seq, control",0
chr6,26019800,26019805,"PRO-seq, control",0
chr6,26019805,26019810,"PRO-seq, control",0
chr6,26019810,26019815,"PRO-seq, control",0
chr6,26019815,26019820,"PRO-seq, control",0
chr6,26019820,26019825,"PRO-seq, control",0
chr6,26019825,26019830,"PRO-seq, control",0
chr6,26019830,26019835,"PRO-seq, control",0
chr6,26019835,26019840,"PRO-seq, control",0
chr6,26019840,26019845,"PRO-seq, control",0
chr6,26019845,26019850,"PRO-seq, control",0
chr6,26019850,26019855,"PRO-seq, control",0
chr6,26019855,26019860,"PRO-seq, control",0
chr6,26019860,26019865,"PRO-seq, control",0
chr6,26019865,26019870,"PRO-seq, control",0
chr6,26019870,26019875,"PRO-seq, control",0
chr6,26019875,26019880,"PRO-seq, control",0
chr6,26019880,26019885,"PRO-seq, control",0
chr6,26019885,26019890,"PRO-seq, control",0
chr6,26019890,26019895,"PRO-seq, control",0
chr6,26019895,26019900,"PRO-seq, control",0
chr6,26019900,26019905,"PRO-seq, control",0
chr6,26019905,26019910,"PRO-seq, control",0
chr6,26019910,26019915,"PRO-seq, control",0
chr6,26019915,26019920,"PRO-seq, control",0
chr6,26019920,26019925,"PRO-seq, control",0
chr6,26019925,26019930,"PRO-seq, control",0
chr6,26019930,26019935,"PRO-seq, control",0
chr6,26019935,26019940,"PRO-seq, control",0
chr6,26019940,26019945,"PRO-seq, control",0
chr6,26019945,26019950,"PRO-seq, control",0
chr6,26019950,26019955,"PRO-seq, control",0
chr6,26019955,26019960,"PRO-seq, control",0
chr6,26019960,26019965,"PRO-seq, control",0
chr6,26019965,26019970,"PRO-seq, control",0
chr6,26019970,26019975,"PRO-seq, control",0
chr6,26019975,26019980,"PRO-seq, control",0
chr6,26019980,26019985,"PRO-seq, control",0
chr6,26019985,26019990,"PRO-seq, control",0
chr6,26019990,26019995,"PRO-seq, control",0
chr6,26019995,26020000,"PRO-seq, control",0
chr6,26020000,26020005,"PRO-seq, control",0
chr6,26020005,26020010,"PRO-seq, control",0
chr6,26020010,26020015,"PRO-seq, control",0
chr6,26020015,26020020,"PRO-seq, control",0
chr6,26020020,26020025,"PRO-seq, control",0
chr6,26020025,26020030,"PRO-seq, control",0
chr6,26020030,26020035,"PRO-seq, control",0
chr6,26020035,26020040,"PRO-seq, control",0
chr6,26020040,26020045,"PRO-seq, control",0
chr6,26020045,26020050,"PRO-seq, control",0
chr6,26020050,26020055,"PRO-seq, control",0
chr6,26020055,26020060,"PRO-seq, control",0
chr6,26020060,26020065,"PRO-seq, control",0
chr6,26020065,26020070,"PRO-seq, control",0
chr6,26020070,26020075,"PRO-seq, control",0
chr6,26020075,26020080,"PRO-seq, control",0
chr6,26020080,26020085,"PRO-seq, control",0
chr6,26020085,26020090,"PRO-seq, control",0
chr6,26020090,26020095,"PRO-seq, control",0
chr6,26020095,26020100,"PRO-seq, control",0
chr6,26020100,26020105,"PRO-seq, control",0
chr6,26020105,26020110,"PRO-seq, control",0
chr6,26020110,26020115,"PRO-seq, control",0
chr6,26020115,26020120,"PRO-seq, control",0
chr6,26020120,26020125,"PRO-seq, control",0
chr6,26020125,26020130,"PRO-seq, control",0
chr6,26020130,26020135,"PRO-seq, control",0
chr6,26020135,26020140,"PRO-seq, control",0
chr6,26020140,26020145,"PRO-seq, control",0
chr6,26020145,26020150,"PRO-seq, control",0
chr6,26020150,26020155,"PRO-seq, control",0
chr6,26020155,26020160,"PRO-seq, control",0
chr6,26020160,26020165,"PRO-seq, control",0
chr6,26020165,26020170,"PRO-seq, control",0
chr6,26020170,26020175,"PRO-seq, control",0
chr6,26020175,26020180,"PRO-seq, control",0
chr6,26020180,26020185,"PRO-seq, control",0
chr6,26020185,26020190,"PRO-seq, control",0
chr6,26020190,26020195,"PRO-seq, control",0
chr6,26020195,26020200,"PRO-seq, control",0
chr6,26020200,26020205,"PRO-seq, control",0
chr6,26020205,26020210,"PRO-seq, control",0
chr6,26020210,26020215,"PRO-seq, control",0
chr6,26020215,26020220,"PRO-seq, control",0
chr6,26020220,26020225,"PRO-seq, control",0
chr6,26020225,26020230,"PRO-seq, control",0
chr6,26020230,26020235,"PRO-seq, control",0
chr6,26020235,26020240,"PRO-seq, control",0
chr6,26020240,26020245,"PRO-seq, control",0
chr6,26020245,26020250,"PRO-seq, control",0
chr6,26020250,26020255,"PRO-seq, control",0
chr6,26020255,26020260,"PRO-seq, control",0
chr6,26020260,26020265,"PRO-seq, control",0
chr6,26020265,26020270,"PRO-seq, control",0
chr6,26020270,26020275,"PRO-seq, control",0
chr6,26020275,26020280,"PRO-seq, control",0
chr6,26020280,26020285,"PRO-seq, control",0
chr6,26020285,26020290,"PRO-seq, control",0
chr6,26020290,26020295,"PRO-seq, control",0
chr6,26020295,26020300,"PRO-seq, control",0
chr6,26020300,26020305,"PRO-seq, control",0
chr6,26020305,26020310,"PRO-seq, control",0
chr6,26020310,26020315,"PRO-seq, control",0
chr6,26020315,26020320,"PRO-seq, control",0
chr6,26020320,26020325,"PRO-seq, control",0
chr6,26020325,26020330,"PRO-seq, control",0
chr6,26020330,26020335,"PRO-seq, control",0
chr6,26020335,26020340,"PRO-seq, control",0
chr6,26020340,26020345,"PRO-seq, control",0
chr6,26020345,26020350,"PRO-seq, control",0
chr6,26020350,26020355,"PRO-seq, control",0
chr6,26020355,26020360,"PRO-seq, control",0
chr6,26020360,26020365,"PRO-seq, control",0
chr6,26020365,26020370,"PRO-seq, control",0
chr6,26020370,26020375,"PRO-seq, control",0
chr6,26020375,26020380,"PRO-seq, control",0
chr6,26020380,26020385,"PRO-seq, control",0
chr6,26020385,26020390,"PRO-seq, control",0
chr6,26020390,26020395,"PRO-seq, control",0
chr6,26020395,26020400,"PRO-seq, control",0
chr6,26020400,26020405,"PRO-seq, control",0
chr6,26020405,26020410,"PRO-seq, control",0
chr6,26020410,26020415,"PRO-seq, control",0
chr6,26020415,26020420,"PRO-seq, control",0
chr6,26020420,26020425,"PRO-seq, control",0
chr6,26020425,26020430,"PRO-seq, control",0
chr6,26020430,26020435,"PRO-seq, control",0.01119512022
chr6,26020435,26020440,"PRO-seq, control",0.05597560108
chr6,26020440,26020445,"PRO-seq, control",0.05597560108
chr6,26020445,26020450,"PRO-seq, control",0.05597560108
chr6,26020450,26020455,"PRO-seq, control",0.05597560108
chr6,26020455,26020460,"PRO-seq, control",0.05597560108
chr6,26020460,26020465,"PRO-seq, control",0.05597560108
chr6,26020465,26020470,"PRO-seq, control",0.05597560108
chr6,26020470,26020475,"PRO-seq, control",0.05597560108
chr6,26020475,26020480,"PRO-seq, control",0.05597560108
chr6,26020480,26020485,"PRO-seq, control",0.05597560108
chr6,26020485,26020490,"PRO-seq, control",0.05597560108
chr6,26020490,26020495,"PRO-seq, control",0.06717068106
chr6,26020495,26020500,"PRO-seq, control",0.2239030004
chr6,26020500,26020505,"PRO-seq, control",0.2239030004
chr6,26020505,26020510,"PRO-seq, control",0.3582439959
chr6,26020510,26020515,"PRO-seq, control",0.3918290138
chr6,26020515,26020520,"PRO-seq, control",0.4366097927
chr6,26020520,26020525,"PRO-seq, control",0.4478049874
chr6,26020525,26020530,"PRO-seq, control",0.4701951861
chr6,26020530,26020535,"PRO-seq, control",0.6045367956
chr6,26020535,26020540,"PRO-seq, control",0.7612685919
chr6,26020540,26020545,"PRO-seq, control",0.895609796
chr6,26020545,26020550,"PRO-seq, control",1.097122025
chr6,26020550,26020555,"PRO-seq, control",1.309827971
chr6,26020555,26020560,"PRO-seq, control",1.511340022
chr6,26020560,26020565,"PRO-seq, control",1.511340022
chr6,26020565,26020570,"PRO-seq, control",1.556123996
chr6,26020570,26020575,"PRO-seq, control",1.634490013
chr6,26020575,26020580,"PRO-seq, control",1.880784011
chr6,26020580,26020585,"PRO-seq, control",2.21663599
chr6,26020585,26020590,"PRO-seq, control",2.28380599
chr6,26020590,26020595,"PRO-seq, control",2.440535975
chr6,26020595,26020600,"PRO-seq, control",2.720413971
chr6,26020600,26020605,"PRO-seq, control",3.089856005
chr6,26020605,26020610,"PRO-seq, control",3.291366005
chr6,26020610,26020615,"PRO-seq, control",3.817537975
chr6,26020615,26020620,"PRO-seq, control",3.963076019
chr6,26020620,26020625,"PRO-seq, control",4.489247894
chr6,26020625,26020630,"PRO-seq, control",4.52218399
chr6,26020630,26020635,"PRO-seq, control",4.292516041
chr6,26020635,26020640,"PRO-seq, control",4.393280029
chr6,26020640,26020645,"PRO-seq, control",4.494034004
chr6,26020645,26020650,"PRO-seq, control",4.449252033
chr6,26020650,26020655,"PRO-seq, control",4.18056612
chr6,26020655,26020660,"PRO-seq, control",3.945471907
chr6,26020660,26020665,"PRO-seq, control",3.811129951
chr6,26020665,26020670,"PRO-seq, control",3.743957996
chr6,26020670,26020675,"PRO-seq, control",3.68798399
chr6,26020675,26020680,"PRO-seq, control",3.553641987
chr6,26020680,26020685,"PRO-seq, control",3.542448044
chr6,26020685,26020690,"PRO-seq, control",2.736399984
chr6,26020690,26020695,"PRO-seq, control",2.568470001
chr6,26020695,26020700,"PRO-seq, control",2.087079954
chr6,26020700,26020705,"PRO-seq, control",2.356085968
chr6,26020705,26020710,"PRO-seq, control",2.378153992
chr6,26020710,26020715,"PRO-seq, control",2.378149986
chr6,26020715,26020720,"PRO-seq, control",2.277396059
chr6,26020720,26020725,"PRO-seq, control",2.277400064
chr6,26020725,26020730,"PRO-seq, control",2.199034071
chr6,26020730,26020735,"PRO-seq, control",2.255006027
chr6,26020735,26020740,"PRO-seq, control",2.378153992
chr6,26020740,26020745,"PRO-seq, control",2.49010396
chr6,26020745,26020750,"PRO-seq, control",2.81476202
chr6,26020750,26020755,"PRO-seq, control",2.825958014
chr6,26020755,26020760,"PRO-seq, control",2.736397982
chr6,26020760,26020765,"PRO-seq, control",2.870739985
chr6,26020765,26020770,"PRO-seq, control",3.228982019
chr6,26020770,26020775,"PRO-seq, control",3.36332202
chr6,26020775,26020780,"PRO-seq, control",3.340933943
chr6,26020780,26020785,"PRO-seq, control",3.90710001
chr6,26020785,26020790,"PRO-seq, control",4.254148102
chr6,26020790,26020795,"PRO-seq, control",5.08258791
chr6,26020795,26020800,"PRO-seq, control",5.743099976
chr6,26020800,26020805,"PRO-seq, control",6.112540054
chr6,26020805,26020810,"PRO-seq, control",6.056564045
chr6,26020810,26020815,"PRO-seq, control",5.877443981
chr6,26020815,26020820,"PRO-seq, control",5.687123966
chr6,26020820,26020825,"PRO-seq, control",5.28409996
chr6,26020825,26020830,"PRO-seq, control",4.914662075
chr6,26020830,26020835,"PRO-seq, control",4.892269993
chr6,26020835,26020840,"PRO-seq, control",4.836291981
chr6,26020840,26020845,"PRO-seq, control",4.847490025
chr6,26020845,26020850,"PRO-seq, control",4.925858021
chr6,26020850,26020855,"PRO-seq, control",4.802709961
chr6,26020855,26020860,"PRO-seq, control",4.198172092
chr6,26020860,26020865,"PRO-seq, control",3.918293953
chr6,26020865,26020870,"PRO-seq, control",3.212999964
chr6,26020870,26020875,"PRO-seq, control",2.496513987
chr6,26020875,26020880,"PRO-seq, control",2.216637897
chr6,26020880,26020885,"PRO-seq, control",2.183049917
chr6,26020885,26020890,"PRO-seq, control",2.183049917
chr6,26020890,26020895,"PRO-seq, control",2.272613955
chr6,26020895,26020900,"PRO-seq, control",2.317392063
chr6,26020900,26020905,"PRO-seq, control",2.373370028
chr6,26020905,26020910,"PRO-seq, control",2.41814599
chr6,26020910,26020915,"PRO-seq, control",2.339784002
chr6,26020915,26020920,"PRO-seq, control",2.10468595
chr6,26020920,26020925,"PRO-seq, control",1.847200036
chr6,26020925,26020930,"PRO-seq, control",1.634485984
chr6,26020930,26020935,"PRO-seq, control",1.511340022
chr6,26020935,26020940,"PRO-seq, control",1.891977978
chr6,26020940,26020945,"PRO-seq, control",1.88078196
chr6,26020945,26020950,"PRO-seq, control",1.79121995
chr6,26020950,26020955,"PRO-seq, control",1.679268003
chr6,26020955,26020960,"PRO-seq, control",1.679270029
chr6,26020960,26020965,"PRO-seq, control",1.63448596
chr6,26020965,26020970,"PRO-seq, control",1.522535992
chr6,26020970,26020975,"PRO-seq, control",1.410585976
chr6,26020975,26020980,"PRO-seq, control",1.410585976
chr6,26020980,26020985,"PRO-seq, control",1.253851962
chr6,26020985,26020990,"PRO-seq, control",1.321027994
chr6,26020990,26020995,"PRO-seq, control",1.354614019
chr6,26020995,26021000,"PRO-seq, control",1.158534813
chr6,26021000,26021005,"PRO-seq, control",0.9112735987
chr6,26021005,26021010,"PRO-seq, control",0.8716060162
chr6,26021010,26021015,"PRO-seq, control",0.3902151942
chr6,26021015,26021020,"PRO-seq, control",0.3678255916
chr6,26021020,26021025,"PRO-seq, control",0.3902159929
chr6,26021025,26021030,"PRO-seq, control",0.3230447888
chr6,26021030,26021035,"PRO-seq, control",0.2782639861
chr6,26021035,26021040,"PRO-seq, control",0.3342399895
chr6,26021040,26021045,"PRO-seq, control",0.4126060009
chr6,26021045,26021050,"PRO-seq, control",0.4238010049
chr6,26021050,26021055,"PRO-seq, control",0.3902159929
chr6,26021055,26021060,"PRO-seq, control",0.5581420064
chr6,26021060,26021065,"PRO-seq, control",0.6477035999
chr6,26021065,26021070,"PRO-seq, control",0.7148732185
chr6,26021070,26021075,"PRO-seq, control",0.7372640133
chr6,26021075,26021080,"PRO-seq, control",0.9285511971
chr6,26021080,26021085,"PRO-seq, control",0.9515860081
chr6,26021085,26021090,"PRO-seq, control",0.9515860081
chr6,26021090,26021095,"PRO-seq, control",0.8732195854
chr6,26021095,26021100,"PRO-seq, control",0.8956099749
chr6,26021100,26021105,"PRO-seq, control",0.8674607754
chr6,26021105,26021110,"PRO-seq, control",0.7548639774
chr6,26021110,26021115,"PRO-seq, control",0.6029227853
chr6,26021115,26021120,"PRO-seq, control",0.6141179919
chr6,26021120,26021125,"PRO-seq, control",0.6253131866
chr6,26021125,26021130,"PRO-seq, control",0.6700940132
chr6,26021130,26021135,"PRO-seq, control",0.5693377972
chr6,26021135,26021140,"PRO-seq, control",0.3342399895
chr6,26021140,26021145,"PRO-seq, control",0.2558741927
chr6,26021145,26021150,"PRO-seq, control",0.1775081933
chr6,26021150,26021155,"PRO-seq, control",0.1551177934
chr6,26021155,26021160,"PRO-seq, control",0.1663129926
chr6,26021160,26021165,"PRO-seq, control",0.1663129926
chr6,26021165,26021170,"PRO-seq, control",0.1663129926
chr6,26021170,26021175,"PRO-seq, control",0.1215321958
chr6,26021175,26021180,"PRO-seq, control",0.08730179779
chr6,26021180,26021185,"PRO-seq, control",0.222288996
chr6,26021185,26021190,"PRO-seq, control",0.3460807979
chr6,26021190,26021195,"PRO-seq, control",0.3518397927
chr6,26021195,26021200,"PRO-seq, control",0.3630349934
chr6,26021200,26021205,"PRO-seq, control",0.3630349934
chr6,26021205,26021210,"PRO-seq, control",0.3854250014
chr6,26021210,26021215,"PRO-seq, control",0.4190100133
chr6,26021215,26021220,"PRO-seq, control",0.4190100133
chr6,26021220,26021225,"PRO-seq, control",0.4414004028
chr6,26021225,26021230,"PRO-seq, control",0.4414004028
chr6,26021230,26021235,"PRO-seq, control",0.4190100133
chr6,26021235,26021240,"PRO-seq, control",0.4190100133
chr6,26021240,26021245,"PRO-seq, control",0.4302053988
chr6,26021245,26021250,"PRO-seq, control",0.6541079879
chr6,26021250,26021255,"PRO-seq, control",0.6489946008
chr6,26021255,26021260,"PRO-seq, control",0.6717079878
chr6,26021260,26021265,"PRO-seq, control",0.7164880037
chr6,26021265,26021270,"PRO-seq, control",0.6605127931
chr6,26021270,26021275,"PRO-seq, control",0.6493175864
chr6,26021275,26021280,"PRO-seq, control",0.6269272089
chr6,26021280,26021285,"PRO-seq, control",0.6045368075
chr6,26021285,26021290,"PRO-seq, control",0.559755981
chr6,26021290,26021295,"PRO-seq, control",0.559755981
chr6,26021295,26021300,"PRO-seq, control",0.5485609889
chr6,26021300,26021305,"PRO-seq, control",0.5037810206
chr6,26021305,26021310,"PRO-seq, control",0.5037810206
chr6,26021310,26021315,"PRO-seq, control",0.5037810206
chr6,26021315,26021320,"PRO-seq, control",0.5373657823
chr6,26021320,26021325,"PRO-seq, control",0.2686833978
chr6,26021325,26021330,"PRO-seq, control",0.2239030004
chr6,26021330,26021335,"PRO-seq, control",0.2239030004
chr6,26021335,26021340,"PRO-seq, control",0.201512599
chr6,26021340,26021345,"PRO-seq, control",0.3022685945
chr6,26021345,26021350,"PRO-seq, control",0.2686833978
chr6,26021350,26021355,"PRO-seq, control",0.2239030004
chr6,26021355,26021360,"PRO-seq, control",0.2239030004
chr6,26021360,26021365,"PRO-seq, control",0.2462931991
chr6,26021365,26021370,"PRO-seq, control",0.3582440019
chr6,26021370,26021375,"PRO-seq, control",0.3918290138
chr6,26021375,26021380,"PRO-seq, control",0.3918290138
chr6,26021380,26021385,"PRO-seq, control",0.3918290138
chr6,26021385,26021390,"PRO-seq, control",0.3918290138
chr6,26021390,26021395,"PRO-seq, control",0.4030243993
chr6,26021395,26021400,"PRO-seq, control",0.4478049874
chr6,26021400,26021405,"PRO-seq, control",0.4701954007
chr6,26021405,26021410,"PRO-seq, control",0.5037810206
chr6,26021410,26021415,"PRO-seq, control",0.5709516048
chr6,26021415,26021420,"PRO-seq, control",0.5597564101
chr6,26021420,26021425,"PRO-seq, control",0.5037810206
chr6,26021425,26021430,"PRO-seq, control",0.5933418155
chr6,26021430,26021435,"PRO-seq, control",0.6157320142
chr6,26021435,26021440,"PRO-seq, control",0.6269272089
chr6,26021440,26021445,"PRO-seq, control",0.5485609889
chr6,26021445,26021450,"PRO-seq, control",0.559755981
chr6,26021450,26021455,"PRO-seq, control",0.6045368075
chr6,26021455,26021460,"PRO-seq, control",0.6157320142
chr6,26021460,26021465,"PRO-seq, control",0.6157320142
chr6,26021465,26021470,"PRO-seq, control",0.626927197
chr6,26021470,26021475,"PRO-seq, control",0.5821463943
chr6,26021475,26021480,"PRO-seq, control",0.6045368075
chr6,26021480,26021485,"PRO-seq, control",0.559755981
chr6,26021485,26021490,"PRO-seq, control",0.5485609889
chr6,26021490,26021495,"PRO-seq, control",0.4478049874
chr6,26021495,26021500,"PRO-seq, control",0.5037810206
chr6,26021500,26021505,"PRO-seq, control",0.4701954007
chr6,26021505,26021510,"PRO-seq, control",0.4478049874
chr6,26021510,26021515,"PRO-seq, control",0.4478049874
chr6,26021515,26021520,"PRO-seq, control",0.3918290138
chr6,26021520,26021525,"PRO-seq, control",0.3470489979
chr6,26021525,26021530,"PRO-seq, control",0.3022683918
chr6,26021530,26021535,"PRO-seq, control",0.3022683918
chr6,26021535,26021540,"PRO-seq, control",0.3806342006
chr6,26021540,26021545,"PRO-seq, control",0.4142194033
chr6,26021545,26021550,"PRO-seq, control",0.3806340098
chr6,26021550,26021555,"PRO-seq, control",0.3358539939
chr6,26021555,26021560,"PRO-seq, control",0.3694390059
chr6,26021560,26021565,"PRO-seq, control",0.3694390059
chr6,26021565,26021570,"PRO-seq, control",0.3806340098
chr6,26021570,26021575,"PRO-seq, control",0.3470489979
chr6,26021575,26021580,"PRO-seq, control",0.3134635925
chr6,26021580,26021585,"PRO-seq, control",0.2798779905
chr6,26021585,26021590,"PRO-seq, control",0.2798779905
chr6,26021590,26021595,"PRO-seq, control",0.2798779905
chr6,26021595,26021600,"PRO-seq, control",0.2798779905
chr6,26021600,26021605,"PRO-seq, control",0.2798779905
chr6,26021605,26021610,"PRO-seq, control",0.2686829925
chr6,26021610,26021615,"PRO-seq, control",0.201512599
chr6,26021615,26021620,"PRO-seq, control",0.111951001
chr6,26021620,26021625,"PRO-seq, control",0.111951001
chr6,26021625,26021630,"PRO-seq, control",0.111951001
chr6,26021630,26021635,"PRO-seq, control",0.08956084102
chr6,26021635,26021640,"PRO-seq, control",0.05597560108
chr6,26021640,26021645,"PRO-seq, control",0.02239024043
chr6,26021645,26021650,"PRO-seq, control",0
chr6,26021650,26021655,"PRO-seq, control",0
chr6,26021655,26021660,"PRO-seq, control",0.01119512022
chr6,26021660,26021665,"PRO-seq, control",0.05597560108
chr6,26021665,26021670,"PRO-seq, control",0.05597560108
chr6,26021670,26021675,"PRO-seq, control",0.07836576104
chr6,26021675,26021680,"PRO-seq, control",0.111951001
chr6,26021680,26021685,"PRO-seq, control",0.111951001
chr6,26021685,26021690,"PRO-seq, control",0.2239023939
chr6,26021690,26021695,"PRO-seq, control",0.2798779905
chr6,26021695,26021700,"PRO-seq, control",0.2910731912
chr6,26021700,26021705,"PRO-seq, control",0.3694390059
chr6,26021705,26021710,"PRO-seq, control",0.3918290138
chr6,26021710,26021715,"PRO-seq, control",0.4366098046
chr6,26021715,26021720,"PRO-seq, control",0.5037810206
chr6,26021720,26021725,"PRO-seq, control",0.5037810206
chr6,26021725,26021730,"PRO-seq, control",0.5037810206
chr6,26021730,26021735,"PRO-seq, control",0.5037810206
chr6,26021735,26021740,"PRO-seq, control",0.4590001941
chr6,26021740,26021745,"PRO-seq, control",0.5485612035
chr6,26021745,26021750,"PRO-seq, control",0.6045368075
chr6,26021750,26021755,"PRO-seq, control",0.6381224036
chr6,26021755,26021760,"PRO-seq, control",0.7276830077
chr6,26021760,26021765,"PRO-seq, control",0.705292809
chr6,26021765,26021770,"PRO-seq, control",0.6157320142
chr6,26021770,26021775,"PRO-seq, control",1.052344406
chr6,26021775,26021780,"PRO-seq, control",1.556121993
chr6,26021780,26021785,"PRO-seq, control",1.802416015
chr6,26021785,26021790,"PRO-seq, control",1.90316999
chr6,26021790,26021795,"PRO-seq, control",1.936755991
chr6,26021795,26021800,"PRO-seq, control",2.093485975
chr6,26021800,26021805,"PRO-seq, control",2.272612
chr6,26021805,26021810,"PRO-seq, control",2.474123955
chr6,26021810,26021815,"PRO-seq, control",2.64204998
chr6,26021815,26021820,"PRO-seq, control",3.201806021
chr6,26021820,26021825,"PRO-seq, control",3.515265942
chr6,26021825,26021830,"PRO-seq, control",3.918291998
chr6,26021830,26021835,"PRO-seq, control",4.590001965
chr6,26021835,26021840,"PRO-seq, control",4.791515923
chr6,26021840,26021845,"PRO-seq, control",5.082589817
chr6,26021845,26021850,"PRO-seq, control",5.272904015
chr6,26021850,26021855,"PRO-seq, control",5.776683903
chr6,26021855,26021860,"PRO-seq, control",5.955807972
chr6,26021860,26021865,"PRO-seq, control",6.302858067
chr6,26021865,26021870,"PRO-seq, control",6.504367924
chr6,26021870,26021875,"PRO-seq, control",6.493173981
chr6,26021875,26021880,"PRO-seq, control",6.173302078
chr6,26021880,26021885,"PRO-seq, control",6.150912094
chr6,26021885,26021890,"PRO-seq, control",6.419591904
chr6,26021890,26021895,"PRO-seq, control",6.453180027
chr6,26021895,26021900,"PRO-seq, control",6.218084145
chr6,26021900,26021905,"PRO-seq, control",5.915816021
chr6,26021905,26021910,"PRO-seq, control",5.076177979
chr6,26021910,26021915,"PRO-seq, control",4.953033924
chr6,26021915,26021920,"PRO-seq, control",4.673153877
chr6,26021920,26021925,"PRO-seq, control",4.516421986
chr6,26021925,26021930,"PRO-seq, control",3.385713959
chr6,26021930,26021935,"PRO-seq, control",3.508861971
chr6,26021935,26021940,"PRO-seq, control",3.475273991
chr6,26021940,26021945,"PRO-seq, control",3.296152067
chr6,26021945,26021950,"PRO-seq, control",3.620811987
chr6,26021950,26021955,"PRO-seq, control",4.606630135
chr6,26021955,26021960,"PRO-seq, control",4.836293983
chr6,26021960,26021965,"PRO-seq, control",4.601196003
chr6,26021965,26021970,"PRO-seq, control",4.030246115
chr6,26021970,26021975,"PRO-seq, control",3.694392061
chr6,26021975,26021980,"PRO-seq, control",3.851119947
chr6,26021980,26021985,"PRO-seq, control",4.030248022
chr6,26021985,26021990,"PRO-seq, control",4.377293968
chr6,26021990,26021995,"PRO-seq, control",5.071391964
chr6,26021995,26022000,"PRO-seq, control",5.284098053
chr6,26022000,26022005,"PRO-seq, control",5.30649004
chr6,26022005,26022010,"PRO-seq, control",4.85868206
chr6,26022010,26022015,"PRO-seq, control",4.545222092
chr6,26022015,26022020,"PRO-seq, control",4.690757942
chr6,26022020,26022025,"PRO-seq, control",4.545221996
chr6,26022025,26022030,"PRO-seq, control",3.504076004
chr6,26022030,26022035,"PRO-seq, control",3.313758039
chr6,26022035,26022040,"PRO-seq, control",3.112247992
chr6,26022040,26022045,"PRO-seq, control",3.134639978
chr6,26022045,26022050,"PRO-seq, control",3.29136796
chr6,26022050,26022055,"PRO-seq, control",3.246589994
chr6,26022055,26022060,"PRO-seq, control",3.056268024
chr6,26022060,26022065,"PRO-seq, control",2.675635958
chr6,26022065,26022070,"PRO-seq, control",1.925563955
chr6,26022070,26022075,"PRO-seq, control",1.768829989
chr6,26022075,26022080,"PRO-seq, control",1.981537986
chr6,26022080,26022085,"PRO-seq, control",1.925563979
chr6,26022085,26022090,"PRO-seq, control",1.880784011
chr6,26022090,26022095,"PRO-seq, control",1.768829989
chr6,26022095,26022100,"PRO-seq, control",1.847200036
chr6,26022100,26022105,"PRO-seq, control",1.847200036
chr6,26022105,26022110,"PRO-seq, control",1.768827987
chr6,26022110,26022115,"PRO-seq, control",1.768827963
chr6,26022115,26022120,"PRO-seq, control",1.735239983
chr6,26022120,26022125,"PRO-seq, control",1.623291969
chr6,26022125,26022130,"PRO-seq, control",1.455369949
chr6,26022130,26022135,"PRO-seq, control",1.511340022
chr6,26022135,26022140,"PRO-seq, control",1.511340022
chr6,26022140,26022145,"PRO-seq, control",1.432975984
chr6,26022145,26022150,"PRO-seq, control",1.197876799
chr6,26022150,26022155,"PRO-seq, control",0.7612685919
chr6,26022155,26022160,"PRO-seq, control",0.649317205
chr6,26022160,26022165,"PRO-seq, control",0.5373659968
chr6,26022165,26022170,"PRO-seq, control",0.3358536005
chr6,26022170,26022175,"PRO-seq, control",0.1903173998
chr6,26022175,26022180,"PRO-seq, control",0.2239030004
chr6,26022180,26022185,"PRO-seq, control",0.2462929964
chr6,26022185,26022190,"PRO-seq, control",0.3246587932
chr6,26022190,26022195,"PRO-seq, control",0.3806340098
chr6,26022195,26022200,"PRO-seq, control",0.4254146099
chr6,26022200,26022205,"PRO-seq, control",0.6717079878
chr6,26022205,26022210,"PRO-seq, control",0.6269272089
chr6,26022210,26022215,"PRO-seq, control",0.6157320142
chr6,26022215,26022220,"PRO-seq, control",0.6157320142
chr6,26022220,26022225,"PRO-seq, control",0.6157320142
chr6,26022225,26022230,"PRO-seq, control",0.6157320142
chr6,26022230,26022235,"PRO-seq, control",0.6157320142
chr6,26022235,26022240,"PRO-seq, control",0.7164883852
chr6,26022240,26022245,"PRO-seq, control",0.9515856028
chr6,26022245,26022250,"PRO-seq, control",0.9739752054
chr6,26022250,26022255,"PRO-seq, control",0.8956099749
chr6,26022255,26022260,"PRO-seq, control",0.9403908014
chr6,26022260,26022265,"PRO-seq, control",0.817244184
chr6,26022265,26022270,"PRO-seq, control",0.7500733972
chr6,26022270,26022275,"PRO-seq, control",0.7164880037
chr6,26022275,26022280,"PRO-seq, control",0.4813903928
chr6,26022280,26022285,"PRO-seq, control",0.5261710048
chr6,26022285,26022290,"PRO-seq, control",0.5933416009
chr6,26022290,26022295,"PRO-seq, control",0.705292809
chr6,26022295,26022300,"PRO-seq, control",0.7276830077
chr6,26022300,26022305,"PRO-seq, control",0.7276830077
chr6,26022305,26022310,"PRO-seq, control",0.7276830077
chr6,26022310,26022315,"PRO-seq, control",0.6829029918
chr6,26022315,26022320,"PRO-seq, control",0.4142194033
chr6,26022320,26022325,"PRO-seq, control",0.425414598
chr6,26022325,26022330,"PRO-seq, control",0.4366097927
chr6,26022330,26022335,"PRO-seq, control",0.3918290138
chr6,26022335,26022340,"PRO-seq, control",0.3918290138
chr6,26022340,26022345,"PRO-seq, control",0.3918290138
chr6,26022345,26022350,"PRO-seq, control",0.3918290138
chr6,26022350,26022355,"PRO-seq, control",0.3918290138
chr6,26022355,26022360,"PRO-seq, control",0.228692998
chr6,26022360,26022365,"PRO-seq, control",0.05436199903
chr6,26022365,26022370,"PRO-seq, control",-0.01280859932
chr6,26022370,26022375,"PRO-seq, control",-0.03519899892
chr6,26022375,26022380,"PRO-seq, control",0.05436199903
chr6,26022380,26022385,"PRO-seq, control",0.05436199903
chr6,26022385,26022390,"PRO-seq, control",0.07675199807
chr6,26022390,26022395,"PRO-seq, control",0.132727395
chr6,26022395,26022400,"PRO-seq, control",0.09914219677
chr6,26022400,26022405,"PRO-seq, control",0.05436199903
chr6,26022405,26022410,"PRO-seq, control",0.04892580002
chr6,26022410,26022415,"PRO-seq, control",0.2110937953
chr6,26022415,26022420,"PRO-seq, control",0.222288996
chr6,26022420,26022425,"PRO-seq, control",0.222288996
chr6,26022425,26022430,"PRO-seq, control",0.222288996
chr6,26022430,26022435,"PRO-seq, control",0.5584653854
chr6,26022435,26022440,"PRO-seq, control",0.9180003881
chr6,26022440,26022445,"PRO-seq, control",0.8956099749
chr6,26022445,26022450,"PRO-seq, control",0.8956099749
chr6,26022450,26022455,"PRO-seq, control",0.8060489893
chr6,26022455,26022460,"PRO-seq, control",0.817244184
chr6,26022460,26022465,"PRO-seq, control",0.9851723909
chr6,26022465,26022470,"PRO-seq, control",0.9963652134
chr6,26022470,26022475,"PRO-seq, control",1.007562399
chr6,26022475,26022480,"PRO-seq, control",1.063539982
chr6,26022480,26022485,"PRO-seq, control",1.063539982
chr6,26022485,26022490,"PRO-seq, control",0.9403911829
chr6,26022490,26022495,"PRO-seq, control",0.8956099749
chr6,26022495,26022500,"PRO-seq, control",0.8956099749
chr6,26022500,26022505,"PRO-seq, control",0.8956099749
chr6,26022505,26022510,"PRO-seq, control",0.6829025984
chr6,26022510,26022515,"PRO-seq, control",0.4142194033
chr6,26022515,26022520,"PRO-seq, control",0.3918290138
chr6,26022520,26022525,"PRO-seq, control",0.3918290138
chr6,26022525,26022530,"PRO-seq, control",0.3918290138
chr6,26022530,26022535,"PRO-seq, control",0.4366097927
chr6,26022535,26022540,"PRO-seq, control",0.2798781931
chr6,26022540,26022545,"PRO-seq, control",0.2239030004
chr6,26022545,26022550,"PRO-seq, control",0.1903173998
chr6,26022550,26022555,"PRO-seq, control",0.111951001
chr6,26022555,26022560,"PRO-seq, control",0.111951001
chr6,26022560,26022565,"PRO-seq, control",0.111951001
chr6,26022565,26022570,"PRO-seq, control",0.111951001
chr6,26022570,26022575,"PRO-seq, control",0.2127077997
chr6,26022575,26022580,"PRO-seq, control",0.2239030004
chr6,26022580,26022585,"PRO-seq, control",0.2686829925
chr6,26022585,26022590,"PRO-seq, control",0.2910731912
chr6,26022590,26022595,"PRO-seq, control",0.3358539939
chr6,26022595,26022600,"PRO-seq, control",0.3918290138
chr6,26022600,26022605,"PRO-seq, control",0.3918290138
chr6,26022605,26022610,"PRO-seq, control",0.3806340098
chr6,26022610,26022615,"PRO-seq, control",0.3918290138
chr6,26022615,26022620,"PRO-seq, control",0.3470489979
chr6,26022620,26022625,"PRO-seq, control",0.3358539939
chr6,26022625,26022630,"PRO-seq, control",0.3358539939
chr6,26022630,26022635,"PRO-seq, control",0.3918290138
chr6,26022635,26022640,"PRO-seq, control",0.3918290138
chr6,26022640,26022645,"PRO-seq, control",0.3918290138
chr6,26022645,26022650,"PRO-seq, control",0.3134633958
chr6,26019400,26019405,"PRO-seq, GSK591 2 d",0
chr6,26019405,26019410,"PRO-seq, GSK591 2 d",0
chr6,26019410,26019415,"PRO-seq, GSK591 2 d",0
chr6,26019415,26019420,"PRO-seq, GSK591 2 d",0
chr6,26019420,26019425,"PRO-seq, GSK591 2 d",0
chr6,26019425,26019430,"PRO-seq, GSK591 2 d",0
chr6,26019430,26019435,"PRO-seq, GSK591 2 d",0
chr6,26019435,26019440,"PRO-seq, GSK591 2 d",0
chr6,26019440,26019445,"PRO-seq, GSK591 2 d",0
chr6,26019445,26019450,"PRO-seq, GSK591 2 d",0
chr6,26019450,26019455,"PRO-seq, GSK591 2 d",0
chr6,26019455,26019460,"PRO-seq, GSK591 2 d",0
chr6,26019460,26019465,"PRO-seq, GSK591 2 d",0
chr6,26019465,26019470,"PRO-seq, GSK591 2 d",0
chr6,26019470,26019475,"PRO-seq, GSK591 2 d",0
chr6,26019475,26019480,"PRO-seq, GSK591 2 d",0
chr6,26019480,26019485,"PRO-seq, GSK591 2 d",0
chr6,26019485,26019490,"PRO-seq, GSK591 2 d",0
chr6,26019490,26019495,"PRO-seq, GSK591 2 d",0
chr6,26019495,26019500,"PRO-seq, GSK591 2 d",0
chr6,26019500,26019505,"PRO-seq, GSK591 2 d",0
chr6,26019505,26019510,"PRO-seq, GSK591 2 d",0
chr6,26019510,26019515,"PRO-seq, GSK591 2 d",0
chr6,26019515,26019520,"PRO-seq, GSK591 2 d",0
chr6,26019520,26019525,"PRO-seq, GSK591 2 d",0
chr6,26019525,26019530,"PRO-seq, GSK591 2 d",0
chr6,26019530,26019535,"PRO-seq, GSK591 2 d",0
chr6,26019535,26019540,"PRO-seq, GSK591 2 d",0
chr6,26019540,26019545,"PRO-seq, GSK591 2 d",0
chr6,26019545,26019550,"PRO-seq, GSK591 2 d",0
chr6,26019550,26019555,"PRO-seq, GSK591 2 d",0
chr6,26019555,26019560,"PRO-seq, GSK591 2 d",0
chr6,26019560,26019565,"PRO-seq, GSK591 2 d",0
chr6,26019565,26019570,"PRO-seq, GSK591 2 d",0
chr6,26019570,26019575,"PRO-seq, GSK591 2 d",0
chr6,26019575,26019580,"PRO-seq, GSK591 2 d",0
chr6,26019580,26019585,"PRO-seq, GSK591 2 d",0
chr6,26019585,26019590,"PRO-seq, GSK591 2 d",0
chr6,26019590,26019595,"PRO-seq, GSK591 2 d",0
chr6,26019595,26019600,"PRO-seq, GSK591 2 d",0
chr6,26019600,26019605,"PRO-seq, GSK591 2 d",0
chr6,26019605,26019610,"PRO-seq, GSK591 2 d",0
chr6,26019610,26019615,"PRO-seq, GSK591 2 d",0
chr6,26019615,26019620,"PRO-seq, GSK591 2 d",0
chr6,26019620,26019625,"PRO-seq, GSK591 2 d",0
chr6,26019625,26019630,"PRO-seq, GSK591 2 d",0
chr6,26019630,26019635,"PRO-seq, GSK591 2 d",0
chr6,26019635,26019640,"PRO-seq, GSK591 2 d",0
chr6,26019640,26019645,"PRO-seq, GSK591 2 d",0.02921499908
chr6,26019645,26019650,"PRO-seq, GSK591 2 d",0.1460749954
chr6,26019650,26019655,"PRO-seq, GSK591 2 d",0.1460749954
chr6,26019655,26019660,"PRO-seq, GSK591 2 d",0.1460749954
chr6,26019660,26019665,"PRO-seq, GSK591 2 d",0.1460749954
chr6,26019665,26019670,"PRO-seq, GSK591 2 d",0.1460749954
chr6,26019670,26019675,"PRO-seq, GSK591 2 d",0.1460749954
chr6,26019675,26019680,"PRO-seq, GSK591 2 d",0.1460749954
chr6,26019680,26019685,"PRO-seq, GSK591 2 d",0.1460749954
chr6,26019685,26019690,"PRO-seq, GSK591 2 d",0.1460749954
chr6,26019690,26019695,"PRO-seq, GSK591 2 d",0.1460749954
chr6,26019695,26019700,"PRO-seq, GSK591 2 d",0.1460749954
chr6,26019700,26019705,"PRO-seq, GSK591 2 d",0.1460749954
chr6,26019705,26019710,"PRO-seq, GSK591 2 d",0.1460749954
chr6,26019710,26019715,"PRO-seq, GSK591 2 d",0.1460749954
chr6,26019715,26019720,"PRO-seq, GSK591 2 d",0.1460749954
chr6,26019720,26019725,"PRO-seq, GSK591 2 d",0
chr6,26019725,26019730,"PRO-seq, GSK591 2 d",0
chr6,26019730,26019735,"PRO-seq, GSK591 2 d",0
chr6,26019735,26019740,"PRO-seq, GSK591 2 d",0
chr6,26019740,26019745,"PRO-seq, GSK591 2 d",0
chr6,26019745,26019750,"PRO-seq, GSK591 2 d",0
chr6,26019750,26019755,"PRO-seq, GSK591 2 d",0
chr6,26019755,26019760,"PRO-seq, GSK591 2 d",0
chr6,26019760,26019765,"PRO-seq, GSK591 2 d",0
chr6,26019765,26019770,"PRO-seq, GSK591 2 d",-0.02911800146
chr6,26019770,26019775,"PRO-seq, GSK591 2 d",-0.1455900073
chr6,26019775,26019780,"PRO-seq, GSK591 2 d",-0.1455900073
chr6,26019780,26019785,"PRO-seq, GSK591 2 d",-0.1455900073
chr6,26019785,26019790,"PRO-seq, GSK591 2 d",-0.1455900073
chr6,26019790,26019795,"PRO-seq, GSK591 2 d",-0.1455900073
chr6,26019795,26019800,"PRO-seq, GSK591 2 d",-0.1455900073
chr6,26019800,26019805,"PRO-seq, GSK591 2 d",-0.1455900073
chr6,26019805,26019810,"PRO-seq, GSK591 2 d",-0.1455900073
chr6,26019810,26019815,"PRO-seq, GSK591 2 d",-0.1455900073
chr6,26019815,26019820,"PRO-seq, GSK591 2 d",-0.1455900073
chr6,26019820,26019825,"PRO-seq, GSK591 2 d",-0.1455900073
chr6,26019825,26019830,"PRO-seq, GSK591 2 d",-0.1455900073
chr6,26019830,26019835,"PRO-seq, GSK591 2 d",-0.1455900073
chr6,26019835,26019840,"PRO-seq, GSK591 2 d",-0.1455900073
chr6,26019840,26019845,"PRO-seq, GSK591 2 d",-0.1455900073
chr6,26019845,26019850,"PRO-seq, GSK591 2 d",0
chr6,26019850,26019855,"PRO-seq, GSK591 2 d",0
chr6,26019855,26019860,"PRO-seq, GSK591 2 d",0
chr6,26019860,26019865,"PRO-seq, GSK591 2 d",0
chr6,26019865,26019870,"PRO-seq, GSK591 2 d",0
chr6,26019870,26019875,"PRO-seq, GSK591 2 d",0
chr6,26019875,26019880,"PRO-seq, GSK591 2 d",0
chr6,26019880,26019885,"PRO-seq, GSK591 2 d",0
chr6,26019885,26019890,"PRO-seq, GSK591 2 d",0
chr6,26019890,26019895,"PRO-seq, GSK591 2 d",0
chr6,26019895,26019900,"PRO-seq, GSK591 2 d",0
chr6,26019900,26019905,"PRO-seq, GSK591 2 d",0
chr6,26019905,26019910,"PRO-seq, GSK591 2 d",0
chr6,26019910,26019915,"PRO-seq, GSK591 2 d",0
chr6,26019915,26019920,"PRO-seq, GSK591 2 d",0
chr6,26019920,26019925,"PRO-seq, GSK591 2 d",0
chr6,26019925,26019930,"PRO-seq, GSK591 2 d",0
chr6,26019930,26019935,"PRO-seq, GSK591 2 d",0
chr6,26019935,26019940,"PRO-seq, GSK591 2 d",0
chr6,26019940,26019945,"PRO-seq, GSK591 2 d",0
chr6,26019945,26019950,"PRO-seq, GSK591 2 d",0
chr6,26019950,26019955,"PRO-seq, GSK591 2 d",0
chr6,26019955,26019960,"PRO-seq, GSK591 2 d",0
chr6,26019960,26019965,"PRO-seq, GSK591 2 d",0
chr6,26019965,26019970,"PRO-seq, GSK591 2 d",0
chr6,26019970,26019975,"PRO-seq, GSK591 2 d",0
chr6,26019975,26019980,"PRO-seq, GSK591 2 d",0
chr6,26019980,26019985,"PRO-seq, GSK591 2 d",0
chr6,26019985,26019990,"PRO-seq, GSK591 2 d",0
chr6,26019990,26019995,"PRO-seq, GSK591 2 d",0
chr6,26019995,26020000,"PRO-seq, GSK591 2 d",0
chr6,26020000,26020005,"PRO-seq, GSK591 2 d",0
chr6,26020005,26020010,"PRO-seq, GSK591 2 d",0
chr6,26020010,26020015,"PRO-seq, GSK591 2 d",0
chr6,26020015,26020020,"PRO-seq, GSK591 2 d",0
chr6,26020020,26020025,"PRO-seq, GSK591 2 d",0
chr6,26020025,26020030,"PRO-seq, GSK591 2 d",0
chr6,26020030,26020035,"PRO-seq, GSK591 2 d",0
chr6,26020035,26020040,"PRO-seq, GSK591 2 d",0
chr6,26020040,26020045,"PRO-seq, GSK591 2 d",0
chr6,26020045,26020050,"PRO-seq, GSK591 2 d",0
chr6,26020050,26020055,"PRO-seq, GSK591 2 d",0
chr6,26020055,26020060,"PRO-seq, GSK591 2 d",0
chr6,26020060,26020065,"PRO-seq, GSK591 2 d",0
chr6,26020065,26020070,"PRO-seq, GSK591 2 d",0
chr6,26020070,26020075,"PRO-seq, GSK591 2 d",0
chr6,26020075,26020080,"PRO-seq, GSK591 2 d",0
chr6,26020080,26020085,"PRO-seq, GSK591 2 d",0
chr6,26020085,26020090,"PRO-seq, GSK591 2 d",0
chr6,26020090,26020095,"PRO-seq, GSK591 2 d",0
chr6,26020095,26020100,"PRO-seq, GSK591 2 d",0
chr6,26020100,26020105,"PRO-seq, GSK591 2 d",0
chr6,26020105,26020110,"PRO-seq, GSK591 2 d",0
chr6,26020110,26020115,"PRO-seq, GSK591 2 d",0
chr6,26020115,26020120,"PRO-seq, GSK591 2 d",0
chr6,26020120,26020125,"PRO-seq, GSK591 2 d",0
chr6,26020125,26020130,"PRO-seq, GSK591 2 d",0
chr6,26020130,26020135,"PRO-seq, GSK591 2 d",0
chr6,26020135,26020140,"PRO-seq, GSK591 2 d",0
chr6,26020140,26020145,"PRO-seq, GSK591 2 d",0
chr6,26020145,26020150,"PRO-seq, GSK591 2 d",0
chr6,26020150,26020155,"PRO-seq, GSK591 2 d",0
chr6,26020155,26020160,"PRO-seq, GSK591 2 d",0
chr6,26020160,26020165,"PRO-seq, GSK591 2 d",0
chr6,26020165,26020170,"PRO-seq, GSK591 2 d",0
chr6,26020170,26020175,"PRO-seq, GSK591 2 d",0
chr6,26020175,26020180,"PRO-seq, GSK591 2 d",0
chr6,26020180,26020185,"PRO-seq, GSK591 2 d",0
chr6,26020185,26020190,"PRO-seq, GSK591 2 d",0
chr6,26020190,26020195,"PRO-seq, GSK591 2 d",0
chr6,26020195,26020200,"PRO-seq, GSK591 2 d",0
chr6,26020200,26020205,"PRO-seq, GSK591 2 d",0
chr6,26020205,26020210,"PRO-seq, GSK591 2 d",0
chr6,26020210,26020215,"PRO-seq, GSK591 2 d",0
chr6,26020215,26020220,"PRO-seq, GSK591 2 d",0
chr6,26020220,26020225,"PRO-seq, GSK591 2 d",0
chr6,26020225,26020230,"PRO-seq, GSK591 2 d",0
chr6,26020230,26020235,"PRO-seq, GSK591 2 d",0
chr6,26020235,26020240,"PRO-seq, GSK591 2 d",0
chr6,26020240,26020245,"PRO-seq, GSK591 2 d",0
chr6,26020245,26020250,"PRO-seq, GSK591 2 d",0
chr6,26020250,26020255,"PRO-seq, GSK591 2 d",0
chr6,26020255,26020260,"PRO-seq, GSK591 2 d",0
chr6,26020260,26020265,"PRO-seq, GSK591 2 d",0
chr6,26020265,26020270,"PRO-seq, GSK591 2 d",0
chr6,26020270,26020275,"PRO-seq, GSK591 2 d",0
chr6,26020275,26020280,"PRO-seq, GSK591 2 d",0
chr6,26020280,26020285,"PRO-seq, GSK591 2 d",0
chr6,26020285,26020290,"PRO-seq, GSK591 2 d",0
chr6,26020290,26020295,"PRO-seq, GSK591 2 d",0
chr6,26020295,26020300,"PRO-seq, GSK591 2 d",0
chr6,26020300,26020305,"PRO-seq, GSK591 2 d",0
chr6,26020305,26020310,"PRO-seq, GSK591 2 d",0
chr6,26020310,26020315,"PRO-seq, GSK591 2 d",0
chr6,26020315,26020320,"PRO-seq, GSK591 2 d",0
chr6,26020320,26020325,"PRO-seq, GSK591 2 d",0
chr6,26020325,26020330,"PRO-seq, GSK591 2 d",0
chr6,26020330,26020335,"PRO-seq, GSK591 2 d",-0.1455900073
chr6,26020335,26020340,"PRO-seq, GSK591 2 d",-0.1455900073
chr6,26020340,26020345,"PRO-seq, GSK591 2 d",-0.1455900073
chr6,26020345,26020350,"PRO-seq, GSK591 2 d",-0.1455900073
chr6,26020350,26020355,"PRO-seq, GSK591 2 d",-0.1455900073
chr6,26020355,26020360,"PRO-seq, GSK591 2 d",-0.1455900073
chr6,26020360,26020365,"PRO-seq, GSK591 2 d",-0.1455900073
chr6,26020365,26020370,"PRO-seq, GSK591 2 d",-0.1455900073
chr6,26020370,26020375,"PRO-seq, GSK591 2 d",-0.1455900073
chr6,26020375,26020380,"PRO-seq, GSK591 2 d",-0.1455900073
chr6,26020380,26020385,"PRO-seq, GSK591 2 d",-0.1455900073
chr6,26020385,26020390,"PRO-seq, GSK591 2 d",-0.1455900073
chr6,26020390,26020395,"PRO-seq, GSK591 2 d",-0.1455900073
chr6,26020395,26020400,"PRO-seq, GSK591 2 d",-0.1455900073
chr6,26020400,26020405,"PRO-seq, GSK591 2 d",-0.1455900073
chr6,26020405,26020410,"PRO-seq, GSK591 2 d",-0.02911800146
chr6,26020410,26020415,"PRO-seq, GSK591 2 d",0
chr6,26020415,26020420,"PRO-seq, GSK591 2 d",0
chr6,26020420,26020425,"PRO-seq, GSK591 2 d",0
chr6,26020425,26020430,"PRO-seq, GSK591 2 d",0
chr6,26020430,26020435,"PRO-seq, GSK591 2 d",-0.05823600292
chr6,26020435,26020440,"PRO-seq, GSK591 2 d",-0.1455900073
chr6,26020440,26020445,"PRO-seq, GSK591 2 d",-0.1455900073
chr6,26020445,26020450,"PRO-seq, GSK591 2 d",-0.1455900073
chr6,26020450,26020455,"PRO-seq, GSK591 2 d",-0.1455900073
chr6,26020455,26020460,"PRO-seq, GSK591 2 d",-0.1455900073
chr6,26020460,26020465,"PRO-seq, GSK591 2 d",-0.1455900073
chr6,26020465,26020470,"PRO-seq, GSK591 2 d",-0.1455900073
chr6,26020470,26020475,"PRO-seq, GSK591 2 d",-0.1455900073
chr6,26020475,26020480,"PRO-seq, GSK591 2 d",-0.1455900073
chr6,26020480,26020485,"PRO-seq, GSK591 2 d",-0.1455900073
chr6,26020485,26020490,"PRO-seq, GSK591 2 d",-0.130982466
chr6,26020490,26020495,"PRO-seq, GSK591 2 d",-0.07255230099
chr6,26020495,26020500,"PRO-seq, GSK591 2 d",-0.07255230099
chr6,26020500,26020505,"PRO-seq, GSK591 2 d",-0.02872992759
chr6,26020505,26020510,"PRO-seq, GSK591 2 d",0.05881819422
chr6,26020510,26020515,"PRO-seq, GSK591 2 d",0.2337206066
chr6,26020515,26020520,"PRO-seq, GSK591 2 d",0.2921510041
chr6,26020520,26020525,"PRO-seq, GSK591 2 d",0.2921510041
chr6,26020525,26020530,"PRO-seq, GSK591 2 d",0.3797959983
chr6,26020530,26020535,"PRO-seq, GSK591 2 d",0.7595915914
chr6,26020535,26020540,"PRO-seq, GSK591 2 d",0.9348828077
chr6,26020540,26020545,"PRO-seq, GSK591 2 d",1.066347957
chr6,26020545,26020550,"PRO-seq, GSK591 2 d",1.767512012
chr6,26020550,26020555,"PRO-seq, GSK591 2 d",1.986623979
chr6,26020555,26020560,"PRO-seq, GSK591 2 d",2.234953928
chr6,26020560,26020565,"PRO-seq, GSK591 2 d",2.307987928
chr6,26020565,26020570,"PRO-seq, GSK591 2 d",2.322593927
chr6,26020570,26020575,"PRO-seq, GSK591 2 d",2.512493944
chr6,26020575,26020580,"PRO-seq, GSK591 2 d",2.833861971
chr6,26020580,26020585,"PRO-seq, GSK591 2 d",3.155227995
chr6,26020585,26020590,"PRO-seq, GSK591 2 d",3.564239979
chr6,26020590,26020595,"PRO-seq, GSK591 2 d",4.44068985
chr6,26020595,26020600,"PRO-seq, GSK591 2 d",4.703623867
chr6,26020600,26020605,"PRO-seq, GSK591 2 d",5.112639904
chr6,26020605,26020610,"PRO-seq, GSK591 2 d",5.317141914
chr6,26020610,26020615,"PRO-seq, GSK591 2 d",6.237413979
chr6,26020615,26020620,"PRO-seq, GSK591 2 d",6.675642014
chr6,26020620,26020625,"PRO-seq, GSK591 2 d",7.157692051
chr6,26020625,26020630,"PRO-seq, GSK591 2 d",6.851318169
chr6,26020630,26020635,"PRO-seq, GSK591 2 d",6.719950199
chr6,26020635,26020640,"PRO-seq, GSK591 2 d",6.705342197
chr6,26020640,26020645,"PRO-seq, GSK591 2 d",6.763772202
chr6,26020645,26020650,"PRO-seq, GSK591 2 d",6.910235977
chr6,26020650,26020655,"PRO-seq, GSK591 2 d",6.530535889
chr6,26020655,26020660,"PRO-seq, GSK591 2 d",6.282209873
chr6,26020660,26020665,"PRO-seq, GSK591 2 d",6.106917858
chr6,26020665,26020670,"PRO-seq, GSK591 2 d",4.952921772
chr6,26020670,26020675,"PRO-seq, GSK591 2 d",4.952923775
chr6,26020675,26020680,"PRO-seq, GSK591 2 d",4.675380039
chr6,26020680,26020685,"PRO-seq, GSK591 2 d",4.543915892
chr6,26020685,26020690,"PRO-seq, GSK591 2 d",3.22923789
chr6,26020690,26020695,"PRO-seq, GSK591 2 d",2.8640481
chr6,26020695,26020700,"PRO-seq, GSK591 2 d",1.972988033
chr6,26020700,26020705,"PRO-seq, GSK591 2 d",2.162592077
chr6,26020705,26020710,"PRO-seq, GSK591 2 d",2.235436106
chr6,26020710,26020715,"PRO-seq, GSK591 2 d",2.323082113
chr6,26020715,26020720,"PRO-seq, GSK591 2 d",2.264650106
chr6,26020720,26020725,"PRO-seq, GSK591 2 d",1.98681798
chr6,26020725,26020730,"PRO-seq, GSK591 2 d",1.986626005
chr6,26020730,26020735,"PRO-seq, GSK591 2 d",2.132697916
chr6,26020735,26020740,"PRO-seq, GSK591 2 d",2.118089914
chr6,26020740,26020745,"PRO-seq, GSK591 2 d",2.176521921
chr6,26020745,26020750,"PRO-seq, GSK591 2 d",2.118091941
chr6,26020750,26020755,"PRO-seq, GSK591 2 d",1.898980021
chr6,26020755,26020760,"PRO-seq, GSK591 2 d",1.738294005
chr6,26020760,26020765,"PRO-seq, GSK591 2 d",1.578098011
chr6,26020765,26020770,"PRO-seq, GSK591 2 d",1.607313991
chr6,26020770,26020775,"PRO-seq, GSK591 2 d",1.62191999
chr6,26020775,26020780,"PRO-seq, GSK591 2 d",1.402806044
chr6,26020780,26020785,"PRO-seq, GSK591 2 d",1.417416024
chr6,26020785,26020790,"PRO-seq, GSK591 2 d",1.373592043
chr6,26020790,26020795,"PRO-seq, GSK591 2 d",1.534276032
chr6,26020795,26020800,"PRO-seq, GSK591 2 d",1.782605982
chr6,26020800,26020805,"PRO-seq, GSK591 2 d",2.045540094
chr6,26020805,26020810,"PRO-seq, GSK591 2 d",1.870249963
chr6,26020810,26020815,"PRO-seq, GSK591 2 d",1.680349946
chr6,26020815,26020820,"PRO-seq, GSK591 2 d",1.65113399
chr6,26020820,26020825,"PRO-seq, GSK591 2 d",1.782605958
chr6,26020825,26020830,"PRO-seq, GSK591 2 d",1.884857965
chr6,26020830,26020835,"PRO-seq, GSK591 2 d",1.91406796
chr6,26020835,26020840,"PRO-seq, GSK591 2 d",2.04514792
chr6,26020840,26020845,"PRO-seq, GSK591 2 d",2.249557924
chr6,26020845,26020850,"PRO-seq, GSK591 2 d",2.337199926
chr6,26020850,26020855,"PRO-seq, GSK591 2 d",2.264167929
chr6,26020855,26020860,"PRO-seq, GSK591 2 d",2.103483939
chr6,26020860,26020865,"PRO-seq, GSK591 2 d",1.88437202
chr6,26020865,26020870,"PRO-seq, GSK591 2 d",1.723688006
chr6,26020870,26020875,"PRO-seq, GSK591 2 d",1.460755992
chr6,26020875,26020880,"PRO-seq, GSK591 2 d",1.095559955
chr6,26020880,26020885,"PRO-seq, GSK591 2 d",1.095559955
chr6,26020885,26020890,"PRO-seq, GSK591 2 d",1.095559955
chr6,26020890,26020895,"PRO-seq, GSK591 2 d",1.314677978
chr6,26020895,26020900,"PRO-seq, GSK591 2 d",1.31467998
chr6,26020900,26020905,"PRO-seq, GSK591 2 d",1.31467998
chr6,26020905,26020910,"PRO-seq, GSK591 2 d",1.270855975
chr6,26020910,26020915,"PRO-seq, GSK591 2 d",1.139776015
chr6,26020915,26020920,"PRO-seq, GSK591 2 d",0.9937964201
chr6,26020920,26020925,"PRO-seq, GSK591 2 d",0.5847870111
chr6,26020925,26020930,"PRO-seq, GSK591 2 d",0.5847870111
chr6,26020930,26020935,"PRO-seq, GSK591 2 d",0.6578241944
chr6,26020935,26020940,"PRO-seq, GSK591 2 d",1.096050024
chr6,26020940,26020945,"PRO-seq, GSK591 2 d",1.169090033
chr6,26020945,26020950,"PRO-seq, GSK591 2 d",1.169090033
chr6,26020950,26020955,"PRO-seq, GSK591 2 d",1.169090033
chr6,26020955,26020960,"PRO-seq, GSK591 2 d",1.169090033
chr6,26020960,26020965,"PRO-seq, GSK591 2 d",1.169090033
chr6,26020965,26020970,"PRO-seq, GSK591 2 d",0.731833005
chr6,26020970,26020975,"PRO-seq, GSK591 2 d",0.4835057974
chr6,26020975,26020980,"PRO-seq, GSK591 2 d",0.3812526047
chr6,26020980,26020985,"PRO-seq, GSK591 2 d",0.2790002048
chr6,26020985,26020990,"PRO-seq, GSK591 2 d",0.4393915951
chr6,26020990,26020995,"PRO-seq, GSK591 2 d",0.3809619963
chr6,26020995,26021000,"PRO-seq, GSK591 2 d",0.1771368027
chr6,26021000,26021005,"PRO-seq, GSK591 2 d",0.2210559994
chr6,26021005,26021010,"PRO-seq, GSK591 2 d",0.04615420317
chr6,26021010,26021015,"PRO-seq, GSK591 2 d",-0.3919748098
chr6,26021015,26021020,"PRO-seq, GSK591 2 d",-0.3773674071
chr6,26021020,26021025,"PRO-seq, GSK591 2 d",-0.2897219956
chr6,26021025,26021030,"PRO-seq, GSK591 2 d",-0.2751143962
chr6,26021030,26021035,"PRO-seq, GSK591 2 d",-0.2166839987
chr6,26021035,26021040,"PRO-seq, GSK591 2 d",-0.2166839987
chr6,26021040,26021045,"PRO-seq, GSK591 2 d",0.01625920236
chr6,26021045,26021050,"PRO-seq, GSK591 2 d",0.04537720233
chr6,26021050,26021055,"PRO-seq, GSK591 2 d",-0.07109399885
chr6,26021055,26021060,"PRO-seq, GSK591 2 d",-0.01266440777
chr6,26021060,26021065,"PRO-seq, GSK591 2 d",-0.1441320032
chr6,26021065,26021070,"PRO-seq, GSK591 2 d",-0.1146258016
chr6,26021070,26021075,"PRO-seq, GSK591 2 d",0.08929639668
chr6,26021075,26021080,"PRO-seq, GSK591 2 d",0.08910240233
chr6,26021080,26021085,"PRO-seq, GSK591 2 d",0.01625940204
chr6,26021085,26021090,"PRO-seq, GSK591 2 d",0.07449500263
chr6,26021090,26021095,"PRO-seq, GSK591 2 d",-0.05687599692
chr6,26021095,26021100,"PRO-seq, GSK591 2 d",-0.2755995989
chr6,26021100,26021105,"PRO-seq, GSK591 2 d",-0.1733470023
chr6,26021105,26021110,"PRO-seq, GSK591 2 d",-0.2171700001
chr6,26021110,26021115,"PRO-seq, GSK591 2 d",-0.3627600074
chr6,26021115,26021120,"PRO-seq, GSK591 2 d",-0.2458992004
chr6,26021120,26021125,"PRO-seq, GSK591 2 d",-0.08521659607
chr6,26021125,26021130,"PRO-seq, GSK591 2 d",0.1480190009
chr6,26021130,26021135,"PRO-seq, GSK591 2 d",0.1772338003
chr6,26021135,26021140,"PRO-seq, GSK591 2 d",0.1480190009
chr6,26021140,26021145,"PRO-seq, GSK591 2 d",0.1623343989
chr6,26021145,26021150,"PRO-seq, GSK591 2 d",0.220569998
chr6,26021150,26021155,"PRO-seq, GSK591 2 d",0.2643928051
chr6,26021155,26021160,"PRO-seq, GSK591 2 d",0.4100799918
chr6,26021160,26021165,"PRO-seq, GSK591 2 d",0.4391979873
chr6,26021165,26021170,"PRO-seq, GSK591 2 d",0.08978280555
chr6,26021170,26021175,"PRO-seq, GSK591 2 d",0.2210559994
chr6,26021175,26021180,"PRO-seq, GSK591 2 d",0.1334109977
chr6,26021180,26021185,"PRO-seq, GSK591 2 d",0.07498099655
chr6,26021185,26021190,"PRO-seq, GSK591 2 d",0.1914521977
chr6,26021190,26021195,"PRO-seq, GSK591 2 d",0.1329250008
chr6,26021195,26021200,"PRO-seq, GSK591 2 d",-0.04226819316
chr6,26021200,26021205,"PRO-seq, GSK591 2 d",-0.2902069986
chr6,26021205,26021210,"PRO-seq, GSK591 2 d",-0.4359914124
chr6,26021210,26021215,"PRO-seq, GSK591 2 d",-0.5088350177
chr6,26021215,26021220,"PRO-seq, GSK591 2 d",-0.479619813
chr6,26021220,26021225,"PRO-seq, GSK591 2 d",-0.5088350177
chr6,26021225,26021230,"PRO-seq, GSK591 2 d",-0.5380502105
chr6,26021230,26021235,"PRO-seq, GSK591 2 d",-0.5818729997
chr6,26021235,26021240,"PRO-seq, GSK591 2 d",-0.5526578069
chr6,26021240,26021245,"PRO-seq, GSK591 2 d",-0.246773608
chr6,26021245,26021250,"PRO-seq, GSK591 2 d",-0.1304964051
chr6,26021250,26021255,"PRO-seq, GSK591 2 d",-0.1304964051
chr6,26021255,26021260,"PRO-seq, GSK591 2 d",-0.07206600159
chr6,26021260,26021265,"PRO-seq, GSK591 2 d",0.01557900012
chr6,26021265,26021270,"PRO-seq, GSK591 2 d",0.07400900126
chr6,26021270,26021275,"PRO-seq, GSK591 2 d",0.07400900126
chr6,26021275,26021280,"PRO-seq, GSK591 2 d",0.2488132
chr6,26021280,26021285,"PRO-seq, GSK591 2 d",0.35087201
chr6,26021285,26021290,"PRO-seq, GSK591 2 d",0.4382260144
chr6,26021290,26021295,"PRO-seq, GSK591 2 d",0.4528336167
chr6,26021295,26021300,"PRO-seq, GSK591 2 d",0.4966564238
chr6,26021300,26021305,"PRO-seq, GSK591 2 d",0.5112640262
chr6,26021305,26021310,"PRO-seq, GSK591 2 d",0.5112640262
chr6,26021310,26021315,"PRO-seq, GSK591 2 d",0.5550862074
chr6,26021315,26021320,"PRO-seq, GSK591 2 d",0.5112640262
chr6,26021320,26021325,"PRO-seq, GSK591 2 d",0.5112640262
chr6,26021325,26021330,"PRO-seq, GSK591 2 d",0.5112640262
chr6,26021330,26021335,"PRO-seq, GSK591 2 d",0.4382260144
chr6,26021335,26021340,"PRO-seq, GSK591 2 d",0.4090108097
chr6,26021340,26021345,"PRO-seq, GSK591 2 d",0.3651880026
chr6,26021345,26021350,"PRO-seq, GSK591 2 d",0.4236181974
chr6,26021350,26021355,"PRO-seq, GSK591 2 d",0.7157694101
chr6,26021355,26021360,"PRO-seq, GSK591 2 d",0.6573389769
chr6,26021360,26021365,"PRO-seq, GSK591 2 d",0.6573389769
chr6,26021365,26021370,"PRO-seq, GSK591 2 d",0.6427313805
chr6,26021370,26021375,"PRO-seq, GSK591 2 d",0.5404788136
chr6,26021375,26021380,"PRO-seq, GSK591 2 d",0.5112640262
chr6,26021380,26021385,"PRO-seq, GSK591 2 d",0.5550862074
chr6,26021385,26021390,"PRO-seq, GSK591 2 d",0.5550862074
chr6,26021390,26021395,"PRO-seq, GSK591 2 d",0.5843009949
chr6,26021395,26021400,"PRO-seq, GSK591 2 d",0.671946609
chr6,26021400,26021405,"PRO-seq, GSK591 2 d",0.7595920205
chr6,26021405,26021410,"PRO-seq, GSK591 2 d",0.7890980244
chr6,26021410,26021415,"PRO-seq, GSK591 2 d",0.7162544131
chr6,26021415,26021420,"PRO-seq, GSK591 2 d",0.6578239799
chr6,26021420,26021425,"PRO-seq, GSK591 2 d",0.6578239799
chr6,26021425,26021430,"PRO-seq, GSK591 2 d",0.3072436035
chr6,26021430,26021435,"PRO-seq, GSK591 2 d",0.3656739891
chr6,26021435,26021440,"PRO-seq, GSK591 2 d",0.3656739891
chr6,26021440,26021445,"PRO-seq, GSK591 2 d",0.3656739891
chr6,26021445,26021450,"PRO-seq, GSK591 2 d",0.4241035879
chr6,26021450,26021455,"PRO-seq, GSK591 2 d",0.4387109876
chr6,26021455,26021460,"PRO-seq, GSK591 2 d",0.4094961882
chr6,26021460,26021465,"PRO-seq, GSK591 2 d",0.3656739891
chr6,26021465,26021470,"PRO-seq, GSK591 2 d",0.2926360071
chr6,26021470,26021475,"PRO-seq, GSK591 2 d",0.234206003
chr6,26021475,26021480,"PRO-seq, GSK591 2 d",0.1465609968
chr6,26021480,26021485,"PRO-seq, GSK591 2 d",0.05872099096
chr6,26021485,26021490,"PRO-seq, GSK591 2 d",0.1460749954
chr6,26021490,26021495,"PRO-seq, GSK591 2 d",0.1460749954
chr6,26021495,26021500,"PRO-seq, GSK591 2 d",0.1460749954
chr6,26021500,26021505,"PRO-seq, GSK591 2 d",0.1460749954
chr6,26021505,26021510,"PRO-seq, GSK591 2 d",0.08764515817
chr6,26021510,26021515,"PRO-seq, GSK591 2 d",0.07303769886
chr6,26021515,26021520,"PRO-seq, GSK591 2 d",0.07303769886
chr6,26021520,26021525,"PRO-seq, GSK591 2 d",0.02921507955
chr6,26021525,26021530,"PRO-seq, GSK591 2 d",0
chr6,26021530,26021535,"PRO-seq, GSK591 2 d",0
chr6,26021535,26021540,"PRO-seq, GSK591 2 d",0.04382261932
chr6,26021540,26021545,"PRO-seq, GSK591 2 d",0.07303769886
chr6,26021545,26021550,"PRO-seq, GSK591 2 d",0.07303769886
chr6,26021550,26021555,"PRO-seq, GSK591 2 d",0.07303769886
chr6,26021555,26021560,"PRO-seq, GSK591 2 d",0.07303769886
chr6,26021560,26021565,"PRO-seq, GSK591 2 d",0.07303769886
chr6,26021565,26021570,"PRO-seq, GSK591 2 d",0.07303769886
chr6,26021570,26021575,"PRO-seq, GSK591 2 d",0.07303769886
chr6,26021575,26021580,"PRO-seq, GSK591 2 d",0.07303769886
chr6,26021580,26021585,"PRO-seq, GSK591 2 d",0.07303769886
chr6,26021585,26021590,"PRO-seq, GSK591 2 d",0.07303769886
chr6,26021590,26021595,"PRO-seq, GSK591 2 d",0.07303769886
chr6,26021595,26021600,"PRO-seq, GSK591 2 d",0.07303769886
chr6,26021600,26021605,"PRO-seq, GSK591 2 d",0.07303769886
chr6,26021605,26021610,"PRO-seq, GSK591 2 d",0.07303769886
chr6,26021610,26021615,"PRO-seq, GSK591 2 d",0.04382261932
chr6,26021615,26021620,"PRO-seq, GSK591 2 d",0
chr6,26021620,26021625,"PRO-seq, GSK591 2 d",0.02921507955
chr6,26021625,26021630,"PRO-seq, GSK591 2 d",0.07303769886
chr6,26021630,26021635,"PRO-seq, GSK591 2 d",0.07303769886
chr6,26021635,26021640,"PRO-seq, GSK591 2 d",0.07303769886
chr6,26021640,26021645,"PRO-seq, GSK591 2 d",0.1314675361
chr6,26021645,26021650,"PRO-seq, GSK591 2 d",0.1460749954
chr6,26021650,26021655,"PRO-seq, GSK591 2 d",0.1460749954
chr6,26021655,26021660,"PRO-seq, GSK591 2 d",0.1460749954
chr6,26021660,26021665,"PRO-seq, GSK591 2 d",0.1460749954
chr6,26021665,26021670,"PRO-seq, GSK591 2 d",0.1460749954
chr6,26021670,26021675,"PRO-seq, GSK591 2 d",0.1460749954
chr6,26021675,26021680,"PRO-seq, GSK591 2 d",0.1460749954
chr6,26021680,26021685,"PRO-seq, GSK591 2 d",0.1460749954
chr6,26021685,26021690,"PRO-seq, GSK591 2 d",0.1460749954
chr6,26021690,26021695,"PRO-seq, GSK591 2 d",0.1460749954
chr6,26021695,26021700,"PRO-seq, GSK591 2 d",0.1314675361
chr6,26021700,26021705,"PRO-seq, GSK591 2 d",0.07303769886
chr6,26021705,26021710,"PRO-seq, GSK591 2 d",0.07303769886
chr6,26021710,26021715,"PRO-seq, GSK591 2 d",0.07303769886
chr6,26021715,26021720,"PRO-seq, GSK591 2 d",0.1022526175
chr6,26021720,26021725,"PRO-seq, GSK591 2 d",0.07303769886
chr6,26021725,26021730,"PRO-seq, GSK591 2 d",0.07303769886
chr6,26021730,26021735,"PRO-seq, GSK591 2 d",0.07303769886
chr6,26021735,26021740,"PRO-seq, GSK591 2 d",0.1314676791
chr6,26021740,26021745,"PRO-seq, GSK591 2 d",0.2921510041
chr6,26021745,26021750,"PRO-seq, GSK591 2 d",0.3651884079
chr6,26021750,26021755,"PRO-seq, GSK591 2 d",0.4528336167
chr6,26021755,26021760,"PRO-seq, GSK591 2 d",0.628123796
chr6,26021760,26021765,"PRO-seq, GSK591 2 d",0.8618444204
chr6,26021765,26021770,"PRO-seq, GSK591 2 d",0.8764520288
chr6,26021770,26021775,"PRO-seq, GSK591 2 d",1.227032399
chr6,26021775,26021780,"PRO-seq, GSK591 2 d",1.650650001
chr6,26021780,26021785,"PRO-seq, GSK591 2 d",1.91358397
chr6,26021785,26021790,"PRO-seq, GSK591 2 d",2.045049906
chr6,26021790,26021795,"PRO-seq, GSK591 2 d",1.986626005
chr6,26021795,26021800,"PRO-seq, GSK591 2 d",2.00123198
chr6,26021800,26021805,"PRO-seq, GSK591 2 d",2.234953928
chr6,26021805,26021810,"PRO-seq, GSK591 2 d",2.614745951
chr6,26021810,26021815,"PRO-seq, GSK591 2 d",2.848469973
chr6,26021815,26021820,"PRO-seq, GSK591 2 d",3.272086
chr6,26021820,26021825,"PRO-seq, GSK591 2 d",3.944033861
chr6,26021825,26021830,"PRO-seq, GSK591 2 d",4.163145828
chr6,26021830,26021835,"PRO-seq, GSK591 2 d",4.280005836
chr6,26021835,26021840,"PRO-seq, GSK591 2 d",4.396867847
chr6,26021840,26021845,"PRO-seq, GSK591 2 d",4.674409866
chr6,26021845,26021850,"PRO-seq, GSK591 2 d",4.951953888
chr6,26021850,26021855,"PRO-seq, GSK591 2 d",5.302533913
chr6,26021855,26021860,"PRO-seq, GSK591 2 d",5.945263958
chr6,26021860,26021865,"PRO-seq, GSK591 2 d",5.916049957
chr6,26021865,26021870,"PRO-seq, GSK591 2 d",5.989089966
chr6,26021870,26021875,"PRO-seq, GSK591 2 d",6.032913971
chr6,26021875,26021880,"PRO-seq, GSK591 2 d",5.916049957
chr6,26021880,26021885,"PRO-seq, GSK591 2 d",5.740757942
chr6,26021885,26021890,"PRO-seq, GSK591 2 d",6.135163975
chr6,26021890,26021895,"PRO-seq, GSK591 2 d",6.164379978
chr6,26021895,26021900,"PRO-seq, GSK591 2 d",5.623899937
chr6,26021900,26021905,"PRO-seq, GSK591 2 d",5.244103909
chr6,26021905,26021910,"PRO-seq, GSK591 2 d",5.039599895
chr6,26021910,26021915,"PRO-seq, GSK591 2 d",4.718622017
chr6,26021915,26021920,"PRO-seq, GSK591 2 d",4.280978203
chr6,26021920,26021925,"PRO-seq, GSK591 2 d",4.061862135
chr6,26021925,26021930,"PRO-seq, GSK591 2 d",3.229235935
chr6,26021930,26021935,"PRO-seq, GSK591 2 d",2.73258009
chr6,26021935,26021940,"PRO-seq, GSK591 2 d",2.717972088
chr6,26021940,26021945,"PRO-seq, GSK591 2 d",2.937086105
chr6,26021945,26021950,"PRO-seq, GSK591 2 d",3.200020027
chr6,26021950,26021955,"PRO-seq, GSK591 2 d",3.915787935
chr6,26021955,26021960,"PRO-seq, GSK591 2 d",3.930393934
chr6,26021960,26021965,"PRO-seq, GSK591 2 d",3.243843985
chr6,26021965,26021970,"PRO-seq, GSK591 2 d",2.73258009
chr6,26021970,26021975,"PRO-seq, GSK591 2 d",2.440426064
chr6,26021975,26021980,"PRO-seq, GSK591 2 d",2.41121006
chr6,26021980,26021985,"PRO-seq, GSK591 2 d",2.41121006
chr6,26021985,26021990,"PRO-seq, GSK591 2 d",2.600918007
chr6,26021990,26021995,"PRO-seq, GSK591 2 d",3.199047995
chr6,26021995,26022000,"PRO-seq, GSK591 2 d",3.169833994
chr6,26022000,26022005,"PRO-seq, GSK591 2 d",3.213655996
chr6,26022005,26022010,"PRO-seq, GSK591 2 d",2.950723982
chr6,26022010,26022015,"PRO-seq, GSK591 2 d",2.848469973
chr6,26022015,26022020,"PRO-seq, GSK591 2 d",2.497887945
chr6,26022020,26022025,"PRO-seq, GSK591 2 d",2.351809931
chr6,26022025,26022030,"PRO-seq, GSK591 2 d",1.373109984
chr6,26022030,26022035,"PRO-seq, GSK591 2 d",1.387719989
chr6,26022035,26022040,"PRO-seq, GSK591 2 d",1.31467998
chr6,26022040,26022045,"PRO-seq, GSK591 2 d",1.431535983
chr6,26022045,26022050,"PRO-seq, GSK591 2 d",1.533789992
chr6,26022050,26022055,"PRO-seq, GSK591 2 d",1.592221999
chr6,26022055,26022060,"PRO-seq, GSK591 2 d",1.577613997
chr6,26022060,26022065,"PRO-seq, GSK591 2 d",1.416931987
chr6,26022065,26022070,"PRO-seq, GSK591 2 d",1.022526801
chr6,26022070,26022075,"PRO-seq, GSK591 2 d",1.197816384
chr6,26022075,26022080,"PRO-seq, GSK591 2 d",1.563005996
chr6,26022080,26022085,"PRO-seq, GSK591 2 d",1.475357985
chr6,26022085,26022090,"PRO-seq, GSK591 2 d",1.416931987
chr6,26022090,26022095,"PRO-seq, GSK591 2 d",1.533789992
chr6,26022095,26022100,"PRO-seq, GSK591 2 d",1.533789992
chr6,26022100,26022105,"PRO-seq, GSK591 2 d",1.533789992
chr6,26022105,26022110,"PRO-seq, GSK591 2 d",1.475357985
chr6,26022110,26022115,"PRO-seq, GSK591 2 d",1.475357985
chr6,26022115,26022120,"PRO-seq, GSK591 2 d",1.44614799
chr6,26022120,26022125,"PRO-seq, GSK591 2 d",1.329287982
chr6,26022125,26022130,"PRO-seq, GSK591 2 d",1.270855975
chr6,26022130,26022135,"PRO-seq, GSK591 2 d",1.300071979
chr6,26022135,26022140,"PRO-seq, GSK591 2 d",1.241639972
chr6,26022140,26022145,"PRO-seq, GSK591 2 d",1.241639972
chr6,26022145,26022150,"PRO-seq, GSK591 2 d",0.9787041783
chr6,26022150,26022155,"PRO-seq, GSK591 2 d",0.4528336167
chr6,26022155,26022160,"PRO-seq, GSK591 2 d",0.4090110123
chr6,26022160,26022165,"PRO-seq, GSK591 2 d",0.2921510041
chr6,26022165,26022170,"PRO-seq, GSK591 2 d",0.1752902001
chr6,26022170,26022175,"PRO-seq, GSK591 2 d",0.2191130072
chr6,26022175,26022180,"PRO-seq, GSK591 2 d",0.2483282059
chr6,26022180,26022185,"PRO-seq, GSK591 2 d",0.2921510041
chr6,26022185,26022190,"PRO-seq, GSK591 2 d",0.3213658035
chr6,26022190,26022195,"PRO-seq, GSK591 2 d",0.2921510041
chr6,26022195,26022200,"PRO-seq, GSK591 2 d",0.2921510041
chr6,26022200,26022205,"PRO-seq, GSK591 2 d",0.423618412
chr6,26022205,26022210,"PRO-seq, GSK591 2 d",0.3944032073
chr6,26022210,26022215,"PRO-seq, GSK591 2 d",0.3651880026
chr6,26022215,26022220,"PRO-seq, GSK591 2 d",0.3651880026
chr6,26022220,26022225,"PRO-seq, GSK591 2 d",0.3651880026
chr6,26022225,26022230,"PRO-seq, GSK591 2 d",0.3651880026
chr6,26022230,26022235,"PRO-seq, GSK591 2 d",0.3651880026
chr6,26022235,26022240,"PRO-seq, GSK591 2 d",0.3651880026
chr6,26022240,26022245,"PRO-seq, GSK591 2 d",0.3651880026
chr6,26022245,26022250,"PRO-seq, GSK591 2 d",0.2921510041
chr6,26022250,26022255,"PRO-seq, GSK591 2 d",0.1319533974
chr6,26022255,26022260,"PRO-seq, GSK591 2 d",0.07352299988
chr6,26022260,26022265,"PRO-seq, GSK591 2 d",0.1027381986
chr6,26022265,26022270,"PRO-seq, GSK591 2 d",0.07352299988
chr6,26022270,26022275,"PRO-seq, GSK591 2 d",0.07352299988
chr6,26022275,26022280,"PRO-seq, GSK591 2 d",0.02970033733
chr6,26022280,26022285,"PRO-seq, GSK591 2 d",0.07352299988
chr6,26022285,26022290,"PRO-seq, GSK591 2 d",0.1465609968
chr6,26022290,26022295,"PRO-seq, GSK591 2 d",0.2049905956
chr6,26022295,26022300,"PRO-seq, GSK591 2 d",0.2195979953
chr6,26022300,26022305,"PRO-seq, GSK591 2 d",0.2195979953
chr6,26022305,26022310,"PRO-seq, GSK591 2 d",0.2195979953
chr6,26022310,26022315,"PRO-seq, GSK591 2 d",0.2195979953
chr6,26022315,26022320,"PRO-seq, GSK591 2 d",0.2195979953
chr6,26022320,26022325,"PRO-seq, GSK591 2 d",0.2342055976
chr6,26022325,26022330,"PRO-seq, GSK591 2 d",0.4091080129
chr6,26022330,26022335,"PRO-seq, GSK591 2 d",0.4382260144
chr6,26022335,26022340,"PRO-seq, GSK591 2 d",0.4090108097
chr6,26022340,26022345,"PRO-seq, GSK591 2 d",0.3944032073
chr6,26022345,26022350,"PRO-seq, GSK591 2 d",0.4382260144
chr6,26022350,26022355,"PRO-seq, GSK591 2 d",0.4090110123
chr6,26022355,26022360,"PRO-seq, GSK591 2 d",0.4674410045
chr6,26022360,26022365,"PRO-seq, GSK591 2 d",0.5258714199
chr6,26022365,26022370,"PRO-seq, GSK591 2 d",0.4674412191
chr6,26022370,26022375,"PRO-seq, GSK591 2 d",0.4382260144
chr6,26022375,26022380,"PRO-seq, GSK591 2 d",0.4382260144
chr6,26022380,26022385,"PRO-seq, GSK591 2 d",0.4382260144
chr6,26022385,26022390,"PRO-seq, GSK591 2 d",0.5696937978
chr6,26022390,26022395,"PRO-seq, GSK591 2 d",0.6719465852
chr6,26022395,26022400,"PRO-seq, GSK591 2 d",0.7303770185
chr6,26022400,26022405,"PRO-seq, GSK591 2 d",0.6573389769
chr6,26022405,26022410,"PRO-seq, GSK591 2 d",0.6281239867
chr6,26022410,26022415,"PRO-seq, GSK591 2 d",0.6719465852
chr6,26022415,26022420,"PRO-seq, GSK591 2 d",0.7157694101
chr6,26022420,26022425,"PRO-seq, GSK591 2 d",0.6573389769
chr6,26022425,26022430,"PRO-seq, GSK591 2 d",0.6573389769
chr6,26022430,26022435,"PRO-seq, GSK591 2 d",0.5404788017
chr6,26022435,26022440,"PRO-seq, GSK591 2 d",0.4382260144
chr6,26022440,26022445,"PRO-seq, GSK591 2 d",0.4382260144
chr6,26022445,26022450,"PRO-seq, GSK591 2 d",0.4382260144
chr6,26022450,26022455,"PRO-seq, GSK591 2 d",0.4382260144
chr6,26022455,26022460,"PRO-seq, GSK591 2 d",0.4528336167
chr6,26022460,26022465,"PRO-seq, GSK591 2 d",0.4966562152
chr6,26022465,26022470,"PRO-seq, GSK591 2 d",0.3651880026
chr6,26022470,26022475,"PRO-seq, GSK591 2 d",0.3067584038
chr6,26022475,26022480,"PRO-seq, GSK591 2 d",0.2921510041
chr6,26022480,26022485,"PRO-seq, GSK591 2 d",0.2921510041
chr6,26022485,26022490,"PRO-seq, GSK591 2 d",0.2921510041
chr6,26022490,26022495,"PRO-seq, GSK591 2 d",0.2191130072
chr6,26022495,26022500,"PRO-seq, GSK591 2 d",0.2191130072
chr6,26022500,26022505,"PRO-seq, GSK591 2 d",0.2191130072
chr6,26022505,26022510,"PRO-seq, GSK591 2 d",0.2045054048
chr6,26022510,26022515,"PRO-seq, GSK591 2 d",0.1460749954
chr6,26022515,26022520,"PRO-seq, GSK591 2 d",0.1460749954
chr6,26022520,26022525,"PRO-seq, GSK591 2 d",0.1460749954
chr6,26022525,26022530,"PRO-seq, GSK591 2 d",0.1460749954
chr6,26022530,26022535,"PRO-seq, GSK591 2 d",0.1460749954
chr6,26022535,26022540,"PRO-seq, GSK591 2 d",0.02921507955
chr6,26022540,26022545,"PRO-seq, GSK591 2 d",0
chr6,26022545,26022550,"PRO-seq, GSK591 2 d",0
chr6,26022550,26022555,"PRO-seq, GSK591 2 d",0
chr6,26022555,26022560,"PRO-seq, GSK591 2 d",0
chr6,26022560,26022565,"PRO-seq, GSK591 2 d",0
chr6,26022565,26022570,"PRO-seq, GSK591 2 d",0
chr6,26022570,26022575,"PRO-seq, GSK591 2 d",0
chr6,26022575,26022580,"PRO-seq, GSK591 2 d",0
chr6,26022580,26022585,"PRO-seq, GSK591 2 d",0
chr6,26022585,26022590,"PRO-seq, GSK591 2 d",0
chr6,26022590,26022595,"PRO-seq, GSK591 2 d",0
chr6,26022595,26022600,"PRO-seq, GSK591 2 d",0
chr6,26022600,26022605,"PRO-seq, GSK591 2 d",0
chr6,26022605,26022610,"PRO-seq, GSK591 2 d",0
chr6,26022610,26022615,"PRO-seq, GSK591 2 d",0
chr6,26022615,26022620,"PRO-seq, GSK591 2 d",0
chr6,26022620,26022625,"PRO-seq, GSK591 2 d",0
chr6,26022625,26022630,"PRO-seq, GSK591 2 d",0
chr6,26022630,26022635,"PRO-seq, GSK591 2 d",0
chr6,26022635,26022640,"PRO-seq, GSK591 2 d",0
chr6,26022640,26022645,"PRO-seq, GSK591 2 d",0
chr6,26022645,26022650,"PRO-seq, GSK591 2 d",0
